tipo_impresion,material,cantidad,ancho_cm,alto_cm,tiempo_produccion_minutos,retraso_critico
Digital,Cartulina Hilo,152,21.0,29.7,27.1,1
Serigrafia,Tela,121,40.0,50.0,110.65,0
Plotter,Vinilo Adhesivo,21,89.0,120.2,315.39,0
Plotter,Vinilo Adhesivo,22,64.1,374.9,672.12,0
Serigrafia,Cartón,463,40.0,50.0,270.69,0
Serigrafia,Cartón,326,40.0,50.0,202.75,0
Offset,Folkote,18568,70.0,100.0,170.26,0
Offset,Folkote,28480,70.0,100.0,198.27,0
Plotter,Lona Banner,49,181.19,229.94,2477.29,0
Plotter,Lona Banner,44,178.56,316.59,3013.11,0
Serigrafia,Tela,180,40.0,50.0,139.17,0
Serigrafia,Cartón,378,40.0,50.0,242.32,0
Plotter,Vinilo Adhesivo,39,53.32,473.99,1192.43,0
Plotter,Microperforado,26,74.42,357.9,872.19,0
Serigrafia,Plástico,416,40.0,50.0,262.49,0
Digital,Couché 150g,825,21.0,29.7,82.06,1
Digital,Bond 80g,992,21.0,29.7,70.74,0
Serigrafia,Tela,99,40.0,50.0,82.91,0
Serigrafia,Plástico,409,40.0,50.0,245.03,0
Serigrafia,Cartón,103,40.0,50.0,111.74,1
Serigrafia,Tela,155,40.0,50.0,117.89,0
Offset,Folkote,7873,70.0,100.0,115.03,0
Digital,Bond 80g,605,21.0,29.7,62.63,1
Plotter,Lona Banner,8,192.61,284.38,557.54,0
Digital,Couché 150g,751,21.0,29.7,52.46,0
Plotter,Vinilo Adhesivo,18,184.92,314.04,1268.54,0
Offset,Bond 90g,22243,70.0,100.0,171.12,0
Digital,Couché 150g,206,21.0,29.7,42.52,1
Digital,Couché 150g,64,21.0,29.7,10.0,0
Serigrafia,Tela,185,40.0,50.0,123.83,0
Offset,Couché 300g,49190,70.0,100.0,326.77,0
Plotter,Vinilo Adhesivo,35,247.54,322.68,3393.75,0
Plotter,Lona Banner,42,139.62,102.14,752.05,0
Offset,Couché 300g,49033,70.0,100.0,329.92,0
Offset,Couché 300g,24599,70.0,100.0,212.68,0
Serigrafia,Tela,342,40.0,50.0,204.76,0
Digital,Cartulina Hilo,148,21.0,29.7,16.66,0
Digital,Bond 80g,596,21.0,29.7,61.18,1
Digital,Cartulina Hilo,788,21.0,29.7,68.02,1
Serigrafia,Cartón,306,40.0,50.0,191.55,0
Serigrafia,Plástico,54,40.0,50.0,86.95,1
Offset,Couché 300g,26446,70.0,100.0,210.61,0
Offset,Couché 300g,1206,70.0,100.0,77.04,0
Offset,Couché 300g,49702,70.0,100.0,322.9,0
Offset,Folkote,42523,70.0,100.0,305.56,0
Digital,Cartulina Hilo,534,21.0,29.7,57.51,1
Plotter,Lona Banner,23,201.1,292.93,1672.12,0
Serigrafia,Tela,333,40.0,50.0,219.74,0
Serigrafia,Tela,115,40.0,50.0,87.83,0
Digital,Bond 80g,695,21.0,29.7,68.68,1
Plotter,Microperforado,28,250.92,133.96,1160.34,0
Offset,Folkote,27105,70.0,100.0,220.21,0
Offset,Couché 300g,11230,70.0,100.0,128.06,0
Serigrafia,Cartón,274,40.0,50.0,188.73,0
Plotter,Microperforado,1,106.98,242.2,64.05,1
Serigrafia,Tela,408,40.0,50.0,251.61,0
Serigrafia,Tela,247,40.0,50.0,141.95,0
Serigrafia,Tela,214,40.0,50.0,155.46,0
Offset,Folkote,32968,70.0,100.0,236.41,0
Serigrafia,Tela,364,40.0,50.0,218.98,0
Digital,Cartulina Hilo,423,21.0,29.7,49.16,1
Plotter,Lona Banner,49,66.22,164.26,655.04,0
Plotter,Microperforado,12,112.95,273.76,464.53,0
Plotter,Lona Banner,17,116.7,489.48,1185.31,0
Serigrafia,Plástico,269,40.0,50.0,177.58,0
Serigrafia,Tela,179,40.0,50.0,137.52,0
Plotter,Lona Banner,44,161.95,298.8,2577.35,0
Digital,Bond 80g,233,21.0,29.7,38.34,1
Serigrafia,Cartón,172,40.0,50.0,138.28,0
Plotter,Microperforado,5,208.08,335.09,442.15,0
Digital,Couché 150g,956,21.0,29.7,77.92,1
Serigrafia,Cartón,250,40.0,50.0,175.43,0
Serigrafia,Tela,173,40.0,50.0,150.84,0
Plotter,Microperforado,3,197.72,354.9,283.43,0
Digital,Cartulina Hilo,452,21.0,29.7,56.48,1
Offset,Folkote,12411,70.0,100.0,143.11,0
Plotter,Microperforado,32,74.04,473.24,1379.83,0
Digital,Bond 80g,921,21.0,29.7,46.35,0
Serigrafia,Plástico,178,40.0,50.0,145.69,0
Offset,Bond 90g,48025,70.0,100.0,323.86,0
Serigrafia,Plástico,200,40.0,50.0,163.72,0
Offset,Couché 300g,17646,70.0,100.0,167.19,0
Offset,Bond 90g,47843,70.0,100.0,297.11,0
Offset,Bond 90g,32616,70.0,100.0,239.27,0
Offset,Bond 90g,39191,70.0,100.0,271.58,0
Serigrafia,Cartón,209,40.0,50.0,154.52,0
Serigrafia,Plástico,58,40.0,50.0,83.65,1
Plotter,Vinilo Adhesivo,16,274.28,449.19,2384.84,0
Digital,Cartulina Hilo,169,21.0,29.7,41.99,1
Serigrafia,Cartón,161,40.0,50.0,143.39,0
Serigrafia,Cartón,148,40.0,50.0,117.57,0
Plotter,Vinilo Adhesivo,35,212.99,150.92,1360.73,0
Digital,Cartulina Hilo,210,21.0,29.7,35.45,1
Plotter,Vinilo Adhesivo,48,236.62,342.33,4692.01,0
Offset,Couché 300g,47214,70.0,100.0,301.47,0
Digital,Couché 150g,737,21.0,29.7,72.9,1
Offset,Bond 90g,5555,70.0,100.0,125.51,1
Plotter,Microperforado,22,111.0,487.85,1461.05,0
Digital,Bond 80g,414,21.0,29.7,54.81,1
Plotter,Vinilo Adhesivo,27,248.7,276.19,2255.21,0
Digital,Couché 150g,333,21.0,29.7,50.15,1
Digital,Cartulina Hilo,878,21.0,29.7,72.84,1
Offset,Bond 90g,10007,70.0,100.0,114.33,0
Serigrafia,Plástico,269,40.0,50.0,184.32,0
Digital,Cartulina Hilo,207,21.0,29.7,34.11,1
Digital,Couché 150g,230,21.0,29.7,43.9,1
Serigrafia,Plástico,144,40.0,50.0,108.53,0
Serigrafia,Cartón,210,40.0,50.0,134.85,0
Serigrafia,Tela,305,40.0,50.0,174.32,0
Digital,Couché 150g,784,21.0,29.7,61.52,0
Serigrafia,Cartón,103,40.0,50.0,102.8,0
Digital,Cartulina Hilo,841,21.0,29.7,84.68,1
Serigrafia,Plástico,163,40.0,50.0,127.08,0
Plotter,Microperforado,2,130.64,431.9,153.98,0
Offset,Couché 300g,41328,70.0,100.0,272.05,0
Plotter,Microperforado,29,124.13,238.9,1075.79,0
Serigrafia,Plástico,355,40.0,50.0,227.65,0
Plotter,Microperforado,45,98.57,81.92,504.58,0
Plotter,Microperforado,46,248.95,450.5,6209.25,0
Digital,Couché 150g,883,21.0,29.7,54.14,0
Offset,Folkote,11966,70.0,100.0,122.83,0
Offset,Folkote,23677,70.0,100.0,205.4,0
Plotter,Lona Banner,22,112.56,67.48,234.06,0
Offset,Couché 300g,28236,70.0,100.0,197.38,0
Serigrafia,Tela,313,40.0,50.0,194.35,0
Offset,Couché 300g,22606,70.0,100.0,194.83,0
Offset,Folkote,22699,70.0,100.0,184.58,0
Plotter,Vinilo Adhesivo,30,185.16,336.84,2279.68,0
Offset,Couché 300g,8987,70.0,100.0,106.86,0
Serigrafia,Plástico,107,40.0,50.0,78.59,0
Digital,Bond 80g,395,21.0,29.7,49.8,1
Plotter,Microperforado,1,93.32,120.4,52.14,1
Plotter,Microperforado,34,109.95,92.24,446.5,0
Serigrafia,Plástico,241,40.0,50.0,187.95,0
Plotter,Microperforado,5,202.93,238.82,313.48,0
Offset,Bond 90g,14284,70.0,100.0,133.62,0
Plotter,Lona Banner,22,53.6,102.23,179.1,0
Offset,Bond 90g,30899,70.0,100.0,237.24,0
Serigrafia,Plástico,449,40.0,50.0,269.31,0
Offset,Couché 300g,30222,70.0,100.0,216.78,0
Plotter,Lona Banner,36,93.3,245.23,1034.76,0
Plotter,Microperforado,5,271.67,167.4,288.57,0
Offset,Bond 90g,24289,70.0,100.0,196.46,0
Plotter,Vinilo Adhesivo,5,220.99,327.13,471.32,0
Serigrafia,Plástico,385,40.0,50.0,235.48,0
Digital,Bond 80g,945,21.0,29.7,72.86,0
Digital,Couché 150g,209,21.0,29.7,36.59,1
Digital,Couché 150g,739,21.0,29.7,68.57,1
Digital,Cartulina Hilo,724,21.0,29.7,55.05,0
Offset,Bond 90g,36506,70.0,100.0,278.64,0
Digital,Cartulina Hilo,476,21.0,29.7,47.28,1
Plotter,Microperforado,33,212.87,143.01,1241.4,0
Serigrafia,Plástico,334,40.0,50.0,207.14,0
Serigrafia,Plástico,313,40.0,50.0,203.58,0
Digital,Bond 80g,654,21.0,29.7,51.81,0
Serigrafia,Plástico,245,40.0,50.0,176.0,0
Plotter,Microperforado,45,284.16,67.63,1072.31,0
Plotter,Vinilo Adhesivo,36,94.36,387.78,1609.92,0
Digital,Cartulina Hilo,241,21.0,29.7,53.16,1
Offset,Couché 300g,18955,70.0,100.0,175.05,0
Digital,Bond 80g,145,21.0,29.7,37.72,1
Plotter,Lona Banner,37,109.65,355.93,1760.8,0
Digital,Cartulina Hilo,328,21.0,29.7,37.32,1
Offset,Couché 300g,47352,70.0,100.0,314.38,0
Plotter,Lona Banner,49,176.31,421.91,4410.81,0
Plotter,Vinilo Adhesivo,49,63.37,481.34,1820.5,0
Plotter,Lona Banner,19,72.82,193.69,370.72,0
Offset,Folkote,22364,70.0,100.0,197.47,0
Plotter,Lona Banner,5,123.3,197.9,187.99,0
Offset,Couché 300g,2167,70.0,100.0,93.75,1
Plotter,Vinilo Adhesivo,39,72.8,272.49,959.16,0
Offset,Bond 90g,10348,70.0,100.0,119.97,0
Offset,Folkote,24714,70.0,100.0,195.48,0
Digital,Bond 80g,707,21.0,29.7,68.39,1
Plotter,Vinilo Adhesivo,47,85.75,392.68,1920.85,0
Digital,Cartulina Hilo,568,21.0,29.7,55.84,1
Offset,Bond 90g,22677,70.0,100.0,184.05,0
Offset,Bond 90g,28569,70.0,100.0,219.88,0
Plotter,Vinilo Adhesivo,27,226.56,86.61,651.26,0
Plotter,Lona Banner,17,286.81,493.7,2904.55,0
Digital,Cartulina Hilo,181,21.0,29.7,47.32,1
Plotter,Microperforado,19,244.29,301.28,1698.52,0
Offset,Folkote,26289,70.0,100.0,203.42,0
Plotter,Vinilo Adhesivo,28,192.87,383.44,2514.78,0
Plotter,Microperforado,8,79.38,342.14,295.93,0
Plotter,Lona Banner,49,70.72,287.77,1242.01,0
Plotter,Lona Banner,6,250.53,490.06,894.99,0
Plotter,Microperforado,16,181.93,496.83,1771.42,0
Serigrafia,Tela,278,40.0,50.0,192.44,0
Offset,Couché 300g,45472,70.0,100.0,291.7,0
Offset,Bond 90g,49529,70.0,100.0,317.93,0
Serigrafia,Cartón,192,40.0,50.0,135.44,0
Offset,Folkote,43356,70.0,100.0,282.81,0
Offset,Couché 300g,42430,70.0,100.0,302.41,0
Serigrafia,Cartón,490,40.0,50.0,288.57,0
Plotter,Vinilo Adhesivo,24,205.03,174.82,1056.31,0
Offset,Bond 90g,47427,70.0,100.0,300.04,0
Serigrafia,Plástico,365,40.0,50.0,243.39,0
Offset,Folkote,32921,70.0,100.0,231.62,0
Plotter,Microperforado,36,296.55,364.17,4682.07,0
Serigrafia,Tela,194,40.0,50.0,135.55,0
Serigrafia,Cartón,269,40.0,50.0,163.49,0
Offset,Bond 90g,32471,70.0,100.0,244.77,0
Offset,Folkote,1009,70.0,100.0,94.81,1
Plotter,Lona Banner,30,266.52,70.35,704.23,0
Offset,Couché 300g,28712,70.0,100.0,215.74,0
Offset,Bond 90g,35961,70.0,100.0,237.67,0
Serigrafia,Plástico,391,40.0,50.0,254.04,0
Serigrafia,Tela,364,40.0,50.0,229.76,0
Digital,Bond 80g,659,21.0,29.7,60.74,1
Serigrafia,Cartón,154,40.0,50.0,106.06,0
Serigrafia,Plástico,360,40.0,50.0,219.01,0
Digital,Couché 150g,567,21.0,29.7,56.77,1
Serigrafia,Tela,182,40.0,50.0,155.12,0
Offset,Folkote,39757,70.0,100.0,275.45,0
Plotter,Microperforado,37,239.27,220.03,2375.62,0
Offset,Bond 90g,49212,70.0,100.0,310.38,0
Plotter,Vinilo Adhesivo,45,201.54,152.89,1692.52,0
Digital,Bond 80g,930,21.0,29.7,36.72,0
Offset,Bond 90g,29538,70.0,100.0,220.01,0
Plotter,Microperforado,12,254.1,485.59,1801.13,0
Digital,Cartulina Hilo,968,21.0,29.7,98.79,1
Serigrafia,Tela,256,40.0,50.0,178.94,0
Digital,Bond 80g,124,21.0,29.7,43.33,1
Digital,Bond 80g,484,21.0,29.7,51.53,1
Offset,Bond 90g,40649,70.0,100.0,286.27,0
Serigrafia,Plástico,343,40.0,50.0,232.61,0
Plotter,Lona Banner,15,159.37,456.87,1353.34,0
Digital,Couché 150g,357,21.0,29.7,22.56,0
Serigrafia,Plástico,384,40.0,50.0,256.61,0
Offset,Couché 300g,5637,70.0,100.0,113.0,0
Digital,Bond 80g,182,21.0,29.7,37.41,1
Plotter,Vinilo Adhesivo,29,86.77,466.96,1422.98,0
Digital,Cartulina Hilo,118,21.0,29.7,30.34,1
Serigrafia,Plástico,83,40.0,50.0,71.27,0
Plotter,Vinilo Adhesivo,43,194.91,203.7,2090.8,0
Plotter,Lona Banner,47,82.22,107.62,518.05,0
Plotter,Lona Banner,25,274.2,263.28,2200.62,0
Offset,Folkote,5188,70.0,100.0,101.7,0
Serigrafia,Cartón,100,40.0,50.0,98.53,0
Serigrafia,Tela,452,40.0,50.0,265.97,0
Offset,Couché 300g,38545,70.0,100.0,278.18,0
Digital,Cartulina Hilo,878,21.0,29.7,69.41,0
Digital,Cartulina Hilo,694,21.0,29.7,54.81,0
Serigrafia,Tela,282,40.0,50.0,193.86,0
Serigrafia,Cartón,482,40.0,50.0,283.13,0
Serigrafia,Cartón,127,40.0,50.0,96.32,0
Serigrafia,Tela,331,40.0,50.0,198.9,0
Digital,Cartulina Hilo,298,21.0,29.7,59.54,1
Offset,Folkote,46162,70.0,100.0,303.84,0
Offset,Bond 90g,20262,70.0,100.0,178.09,0
Digital,Couché 150g,352,21.0,29.7,42.96,1
Offset,Folkote,18022,70.0,100.0,164.76,0
Offset,Couché 300g,29699,70.0,100.0,224.06,0
Serigrafia,Cartón,127,40.0,50.0,124.95,1
Plotter,Lona Banner,14,86.93,109.9,188.02,0
Digital,Couché 150g,52,21.0,29.7,27.89,1
Digital,Couché 150g,800,21.0,29.7,74.69,1
Serigrafia,Tela,323,40.0,50.0,221.74,0
Serigrafia,Plástico,64,40.0,50.0,52.43,0
Plotter,Lona Banner,25,234.35,132.03,970.12,0
Plotter,Lona Banner,22,131.87,103.89,393.93,0
Digital,Cartulina Hilo,194,21.0,29.7,31.2,1
Plotter,Lona Banner,10,247.29,274.3,822.88,0
Offset,Couché 300g,27734,70.0,100.0,229.3,0
Offset,Folkote,13910,70.0,100.0,150.11,0
Digital,Couché 150g,825,21.0,29.7,81.04,1
Digital,Cartulina Hilo,603,21.0,29.7,75.01,1
Plotter,Vinilo Adhesivo,41,134.36,454.84,3022.62,0
Offset,Couché 300g,11554,70.0,100.0,138.72,0
Digital,Couché 150g,926,21.0,29.7,76.27,1
Offset,Bond 90g,28285,70.0,100.0,214.48,0
Offset,Couché 300g,27900,70.0,100.0,209.92,0
Plotter,Lona Banner,4,262.7,89.55,136.66,0
Digital,Bond 80g,399,21.0,29.7,45.44,1
Serigrafia,Tela,89,40.0,50.0,81.19,0
Serigrafia,Plástico,278,40.0,50.0,187.9,0
Offset,Couché 300g,23350,70.0,100.0,190.9,0
Offset,Couché 300g,42605,70.0,100.0,287.94,0
Serigrafia,Plástico,484,40.0,50.0,291.51,0
Plotter,Microperforado,2,189.19,307.23,178.83,0
Digital,Bond 80g,375,21.0,29.7,36.13,0
Digital,Cartulina Hilo,459,21.0,29.7,40.32,0
Offset,Folkote,46587,70.0,100.0,289.89,0
Plotter,Microperforado,49,182.46,368.25,3978.73,0
Serigrafia,Tela,431,40.0,50.0,261.89,0
Serigrafia,Cartón,188,40.0,50.0,137.02,0
Plotter,Microperforado,3,62.96,201.47,80.43,1
Serigrafia,Cartón,59,40.0,50.0,94.47,1
Digital,Couché 150g,947,21.0,29.7,92.19,1
Plotter,Microperforado,13,221.14,89.54,338.18,0
Serigrafia,Plástico,87,40.0,50.0,78.26,0
Serigrafia,Cartón,468,40.0,50.0,284.77,0
Plotter,Microperforado,44,152.13,469.82,3801.79,0
Digital,Couché 150g,508,21.0,29.7,51.27,1
Offset,Couché 300g,44925,70.0,100.0,298.07,0
Serigrafia,Cartón,109,40.0,50.0,98.3,0
Offset,Folkote,42832,70.0,100.0,290.3,0
Plotter,Vinilo Adhesivo,37,100.41,123.65,585.16,0
Offset,Folkote,24930,70.0,100.0,195.44,0
Serigrafia,Plástico,127,40.0,50.0,86.42,0
Plotter,Lona Banner,45,197.08,357.34,3836.49,0
Offset,Bond 90g,10510,70.0,100.0,133.08,0
Digital,Cartulina Hilo,686,21.0,29.7,62.26,1
Serigrafia,Tela,471,40.0,50.0,257.24,0
Digital,Bond 80g,714,21.0,29.7,75.81,1
Digital,Bond 80g,194,21.0,29.7,32.31,1
Digital,Cartulina Hilo,870,21.0,29.7,76.73,1
Digital,Cartulina Hilo,665,21.0,29.7,60.67,1
Plotter,Microperforado,6,284.96,332.47,696.82,0
Plotter,Microperforado,8,223.43,125.03,298.05,0
Offset,Bond 90g,26053,70.0,100.0,215.81,0
Digital,Bond 80g,280,21.0,29.7,47.28,1
Serigrafia,Tela,460,40.0,50.0,285.1,0
Plotter,Microperforado,33,58.38,306.45,743.29,0
Digital,Cartulina Hilo,914,21.0,29.7,74.04,1
Offset,Bond 90g,47197,70.0,100.0,323.85,0
Offset,Bond 90g,15382,70.0,100.0,147.46,0
Digital,Bond 80g,373,21.0,29.7,53.29,1
Digital,Bond 80g,144,21.0,29.7,41.94,1
Digital,Couché 150g,676,21.0,29.7,62.93,1
Serigrafia,Plástico,348,40.0,50.0,237.77,0
Plotter,Lona Banner,27,136.42,131.72,613.92,0
Serigrafia,Tela,249,40.0,50.0,177.86,0
Offset,Couché 300g,1814,70.0,100.0,92.21,1
Serigrafia,Cartón,267,40.0,50.0,163.49,0
Offset,Couché 300g,11380,70.0,100.0,140.58,0
Offset,Folkote,28306,70.0,100.0,207.16,0
Offset,Couché 300g,20915,70.0,100.0,191.62,0
Plotter,Lona Banner,31,201.68,240.86,1843.76,0
Plotter,Microperforado,29,76.06,428.2,1157.14,0
Plotter,Microperforado,36,81.17,464.38,1653.32,0
Serigrafia,Plástico,368,40.0,50.0,218.45,0
Serigrafia,Cartón,448,40.0,50.0,261.71,0
Digital,Couché 150g,710,21.0,29.7,74.47,1
Offset,Couché 300g,40224,70.0,100.0,269.22,0
Serigrafia,Plástico,166,40.0,50.0,118.85,0
Serigrafia,Cartón,293,40.0,50.0,193.96,0
Digital,Couché 150g,586,21.0,29.7,38.74,0
Serigrafia,Cartón,396,40.0,50.0,215.15,0
Offset,Folkote,37368,70.0,100.0,257.41,0
Plotter,Lona Banner,24,194.41,124.48,727.79,0
Serigrafia,Cartón,393,40.0,50.0,251.89,0
Offset,Folkote,5757,70.0,100.0,96.8,0
Digital,Couché 150g,715,21.0,29.7,58.06,0
Digital,Couché 150g,525,21.0,29.7,40.18,0
Serigrafia,Tela,112,40.0,50.0,101.01,0
Offset,Couché 300g,10984,70.0,100.0,131.5,0
Plotter,Vinilo Adhesivo,32,66.77,387.48,1025.46,0
Digital,Couché 150g,81,21.0,29.7,27.61,1
Serigrafia,Tela,207,40.0,50.0,174.2,1
Offset,Bond 90g,19449,70.0,100.0,161.17,0
Plotter,Lona Banner,1,243.88,253.98,77.82,0
Plotter,Vinilo Adhesivo,30,189.91,119.86,860.36,0
Offset,Bond 90g,13342,70.0,100.0,140.21,0
Serigrafia,Tela,415,40.0,50.0,257.78,0
Offset,Couché 300g,48190,70.0,100.0,313.38,0
Offset,Folkote,46368,70.0,100.0,317.08,0
Serigrafia,Plástico,296,40.0,50.0,185.29,0
Offset,Bond 90g,9519,70.0,100.0,116.35,0
Serigrafia,Tela,103,40.0,50.0,104.63,0
Offset,Couché 300g,40986,70.0,100.0,261.12,0
Digital,Cartulina Hilo,658,21.0,29.7,75.07,1
Offset,Couché 300g,8970,70.0,100.0,124.26,0
Plotter,Lona Banner,32,297.18,321.44,3681.26,0
Offset,Couché 300g,48057,70.0,100.0,306.28,0
Offset,Couché 300g,7150,70.0,100.0,124.38,0
Serigrafia,Cartón,134,40.0,50.0,119.7,0
Serigrafia,Plástico,196,40.0,50.0,156.67,0
Offset,Folkote,43880,70.0,100.0,303.98,0
Serigrafia,Cartón,352,40.0,50.0,206.01,0
Serigrafia,Tela,435,40.0,50.0,273.89,0
Serigrafia,Tela,244,40.0,50.0,151.43,0
Digital,Cartulina Hilo,310,21.0,29.7,46.56,1
Digital,Couché 150g,854,21.0,29.7,80.17,1
Serigrafia,Plástico,275,40.0,50.0,160.8,0
Digital,Cartulina Hilo,102,21.0,29.7,32.21,1
Digital,Cartulina Hilo,903,21.0,29.7,69.18,0
Serigrafia,Plástico,413,40.0,50.0,261.22,0
Plotter,Vinilo Adhesivo,32,156.3,60.11,390.48,0
Offset,Folkote,3573,70.0,100.0,101.56,1
Digital,Cartulina Hilo,330,21.0,29.7,52.07,1
Plotter,Microperforado,39,104.51,340.27,1683.79,0
Plotter,Microperforado,29,92.92,172.54,585.7,0
Digital,Couché 150g,124,21.0,29.7,32.41,1
Plotter,Lona Banner,42,194.13,173.32,1738.95,0
Serigrafia,Tela,66,40.0,50.0,77.31,0
Digital,Bond 80g,637,21.0,29.7,31.07,0
Plotter,Lona Banner,23,76.64,113.01,260.07,0
Serigrafia,Plástico,268,40.0,50.0,169.9,0
Digital,Couché 150g,217,21.0,29.7,42.97,1
Serigrafia,Plástico,358,40.0,50.0,210.67,0
Plotter,Microperforado,7,193.32,427.15,737.69,0
Serigrafia,Cartón,95,40.0,50.0,87.54,0
Offset,Folkote,21609,70.0,100.0,188.22,0
Serigrafia,Plástico,356,40.0,50.0,215.74,0
Serigrafia,Plástico,230,40.0,50.0,145.66,0
Serigrafia,Cartón,198,40.0,50.0,149.81,0
Serigrafia,Tela,316,40.0,50.0,193.77,0
Serigrafia,Tela,162,40.0,50.0,112.48,0
Serigrafia,Tela,236,40.0,50.0,168.74,0
Offset,Bond 90g,29769,70.0,100.0,206.31,0
Plotter,Lona Banner,47,288.52,110.75,1814.65,0
Plotter,Vinilo Adhesivo,47,115.57,317.79,2100.06,0
Plotter,Microperforado,43,261.6,479.86,6511.16,0
Offset,Bond 90g,41385,70.0,100.0,271.44,0
Serigrafia,Tela,122,40.0,50.0,107.8,0
Serigrafia,Cartón,266,40.0,50.0,174.65,0
Serigrafia,Plástico,110,40.0,50.0,93.73,0
Serigrafia,Cartón,88,40.0,50.0,107.12,1
Offset,Folkote,25354,70.0,100.0,206.77,0
Offset,Folkote,42131,70.0,100.0,290.98,0
Digital,Cartulina Hilo,484,21.0,29.7,55.42,1
Offset,Bond 90g,27212,70.0,100.0,195.36,0
Serigrafia,Tela,93,40.0,50.0,98.14,0
Serigrafia,Plástico,352,40.0,50.0,231.1,0
Offset,Folkote,21491,70.0,100.0,193.1,0
Plotter,Microperforado,8,209.74,391.57,819.61,0
Digital,Bond 80g,534,21.0,29.7,60.04,1
Plotter,Microperforado,25,275.84,341.0,2856.44,0
Plotter,Microperforado,26,62.9,351.46,720.76,0
Serigrafia,Plástico,450,40.0,50.0,264.66,0
Serigrafia,Tela,456,40.0,50.0,260.49,0
Offset,Couché 300g,17774,70.0,100.0,189.93,0
Serigrafia,Cartón,319,40.0,50.0,208.08,0
Digital,Cartulina Hilo,932,21.0,29.7,65.73,0
Serigrafia,Cartón,225,40.0,50.0,155.54,0
Offset,Bond 90g,35268,70.0,100.0,241.7,0
Offset,Bond 90g,7737,70.0,100.0,127.25,0
Digital,Couché 150g,664,21.0,29.7,31.08,0
Serigrafia,Plástico,322,40.0,50.0,193.26,0
Plotter,Microperforado,44,80.14,84.63,402.25,0
Plotter,Vinilo Adhesivo,37,182.57,248.46,2058.48,0
Digital,Couché 150g,937,21.0,29.7,52.8,0
Digital,Bond 80g,546,21.0,29.7,72.72,1
Offset,Bond 90g,8564,70.0,100.0,122.67,0
Plotter,Microperforado,18,180.04,242.07,969.2,0
Offset,Couché 300g,1545,70.0,100.0,92.68,1
Digital,Bond 80g,463,21.0,29.7,54.56,1
Serigrafia,Cartón,428,40.0,50.0,257.28,0
Digital,Cartulina Hilo,88,21.0,29.7,55.38,1
Digital,Couché 150g,797,21.0,29.7,58.35,0
Digital,Bond 80g,288,21.0,29.7,31.34,0
Offset,Folkote,25574,70.0,100.0,200.86,0
Digital,Bond 80g,408,21.0,29.7,62.78,1
Offset,Bond 90g,21144,70.0,100.0,182.4,0
Serigrafia,Plástico,52,40.0,50.0,52.39,0
Offset,Bond 90g,35801,70.0,100.0,251.01,0
Plotter,Vinilo Adhesivo,4,228.89,315.1,380.79,0
Serigrafia,Tela,122,40.0,50.0,103.5,0
Plotter,Vinilo Adhesivo,15,146.08,355.84,975.52,0
Offset,Couché 300g,41970,70.0,100.0,282.71,0
Serigrafia,Cartón,111,40.0,50.0,89.27,0
Plotter,Vinilo Adhesivo,4,107.92,474.23,279.48,0
Serigrafia,Plástico,112,40.0,50.0,107.18,0
Serigrafia,Tela,415,40.0,50.0,247.46,0
Plotter,Vinilo Adhesivo,10,61.74,222.84,199.77,0
Plotter,Lona Banner,47,104.08,283.22,1697.61,0
Serigrafia,Tela,69,40.0,50.0,93.71,1
Serigrafia,Tela,111,40.0,50.0,94.79,0
Digital,Cartulina Hilo,194,21.0,29.7,38.14,1
Plotter,Microperforado,38,205.73,386.54,3652.57,0
Serigrafia,Tela,138,40.0,50.0,129.48,1
Serigrafia,Plástico,147,40.0,50.0,136.46,1
Offset,Folkote,18674,70.0,100.0,164.74,0
Digital,Couché 150g,590,21.0,29.7,60.34,1
Serigrafia,Tela,186,40.0,50.0,137.31,0
Offset,Couché 300g,43520,70.0,100.0,290.72,0
Serigrafia,Cartón,310,40.0,50.0,190.94,0
Digital,Couché 150g,173,21.0,29.7,43.4,1
Offset,Folkote,34742,70.0,100.0,249.17,0
Offset,Folkote,41996,70.0,100.0,278.67,0
Digital,Bond 80g,365,21.0,29.7,43.68,1
Plotter,Lona Banner,3,136.95,355.11,215.38,0
Plotter,Microperforado,27,266.12,380.26,3319.76,0
Serigrafia,Tela,141,40.0,50.0,116.14,0
Offset,Folkote,48456,70.0,100.0,314.62,0
Serigrafia,Plástico,318,40.0,50.0,201.31,0
Serigrafia,Plástico,412,40.0,50.0,254.18,0
Serigrafia,Plástico,237,40.0,50.0,157.2,0
Plotter,Microperforado,7,270.41,482.59,1136.58,0
Plotter,Lona Banner,42,82.22,200.8,861.13,0
Offset,Folkote,37509,70.0,100.0,278.22,0
Serigrafia,Plástico,61,40.0,50.0,78.93,1
Offset,Couché 300g,34062,70.0,100.0,251.84,0
Serigrafia,Cartón,409,40.0,50.0,230.57,0
Serigrafia,Cartón,272,40.0,50.0,178.79,0
Offset,Bond 90g,11706,70.0,100.0,135.43,0
Plotter,Vinilo Adhesivo,30,54.61,244.51,507.16,0
Digital,Couché 150g,384,21.0,29.7,55.27,1
Plotter,Microperforado,30,238.42,404.96,3511.1,0
Serigrafia,Cartón,373,40.0,50.0,225.25,0
Plotter,Vinilo Adhesivo,27,91.59,396.94,1205.65,0
Digital,Cartulina Hilo,71,21.0,29.7,47.02,1
Plotter,Microperforado,26,68.67,433.59,979.21,0
Serigrafia,Plástico,485,40.0,50.0,280.1,0
Digital,Bond 80g,430,21.0,29.7,40.21,0
Plotter,Microperforado,33,130.9,269.89,1427.35,0
Serigrafia,Cartón,484,40.0,50.0,285.87,0
Plotter,Lona Banner,4,156.55,253.12,207.95,0
Digital,Cartulina Hilo,88,21.0,29.7,42.39,1
Digital,Cartulina Hilo,124,21.0,29.7,32.28,1
Digital,Bond 80g,933,21.0,29.7,76.29,1
Offset,Couché 300g,4093,70.0,100.0,101.24,0
Offset,Couché 300g,12722,70.0,100.0,136.39,0
Digital,Cartulina Hilo,70,21.0,29.7,17.03,0
Offset,Bond 90g,40214,70.0,100.0,294.54,0
Plotter,Microperforado,6,240.02,249.03,449.67,0
Offset,Bond 90g,6626,70.0,100.0,117.11,0
Offset,Couché 300g,20982,70.0,100.0,177.84,0
Digital,Bond 80g,211,21.0,29.7,23.03,0
Plotter,Microperforado,15,167.88,294.45,934.25,0
Serigrafia,Tela,109,40.0,50.0,102.2,0
Serigrafia,Tela,358,40.0,50.0,221.7,0
Serigrafia,Cartón,57,40.0,50.0,79.2,1
Plotter,Lona Banner,7,206.56,109.06,223.7,0
Offset,Folkote,42652,70.0,100.0,286.64,0
Offset,Couché 300g,48837,70.0,100.0,305.77,0
Plotter,Lona Banner,14,199.58,323.29,1117.63,0
Serigrafia,Tela,481,40.0,50.0,269.7,0
Serigrafia,Tela,493,40.0,50.0,292.78,0
Digital,Cartulina Hilo,166,21.0,29.7,26.49,1
Serigrafia,Plástico,435,40.0,50.0,256.15,0
Digital,Cartulina Hilo,766,21.0,29.7,73.26,1
Serigrafia,Tela,258,40.0,50.0,169.48,0
Plotter,Lona Banner,31,230.47,345.64,2969.15,0
Offset,Bond 90g,42688,70.0,100.0,292.16,0
Plotter,Vinilo Adhesivo,8,231.07,387.12,893.54,0
Plotter,Vinilo Adhesivo,41,110.51,494.0,2715.91,0
Serigrafia,Tela,135,40.0,50.0,100.92,0
Serigrafia,Plástico,141,40.0,50.0,120.75,0
Offset,Couché 300g,23431,70.0,100.0,209.97,0
Serigrafia,Cartón,291,40.0,50.0,192.58,0
Digital,Bond 80g,850,21.0,29.7,47.08,0
Offset,Bond 90g,47824,70.0,100.0,311.43,0
Plotter,Vinilo Adhesivo,26,149.23,109.72,540.0,0
Offset,Folkote,24398,70.0,100.0,203.31,0
Serigrafia,Tela,192,40.0,50.0,131.21,0
Offset,Couché 300g,4041,70.0,100.0,96.22,0
Serigrafia,Plástico,409,40.0,50.0,246.76,0
Serigrafia,Cartón,366,40.0,50.0,246.12,0
Digital,Couché 150g,313,21.0,29.7,44.23,1
Serigrafia,Cartón,377,40.0,50.0,242.45,0
Offset,Folkote,14629,70.0,100.0,154.5,0
Offset,Bond 90g,25826,70.0,100.0,225.29,0
Serigrafia,Plástico,257,40.0,50.0,171.45,0
Serigrafia,Plástico,437,40.0,50.0,277.01,0
Plotter,Microperforado,3,60.19,123.8,61.47,1
Digital,Couché 150g,63,21.0,29.7,21.64,1
Serigrafia,Tela,350,40.0,50.0,215.16,0
Serigrafia,Cartón,292,40.0,50.0,180.68,0
Plotter,Lona Banner,32,174.55,299.91,2034.93,0
Serigrafia,Tela,451,40.0,50.0,257.39,0
Offset,Couché 300g,3920,70.0,100.0,106.58,1
Plotter,Lona Banner,3,70.38,231.47,84.52,0
Offset,Couché 300g,47286,70.0,100.0,297.31,0
Serigrafia,Tela,402,40.0,50.0,242.63,0
Digital,Couché 150g,774,21.0,29.7,67.22,1
Digital,Couché 150g,208,21.0,29.7,46.71,1
Plotter,Lona Banner,37,136.48,216.97,1342.05,0
Digital,Bond 80g,581,21.0,29.7,85.1,1
Plotter,Lona Banner,32,197.01,63.23,511.81,0
Offset,Bond 90g,32585,70.0,100.0,248.71,0
Digital,Cartulina Hilo,467,21.0,29.7,47.96,1
Serigrafia,Cartón,469,40.0,50.0,263.17,0
Digital,Bond 80g,420,21.0,29.7,40.27,0
Offset,Bond 90g,46241,70.0,100.0,320.97,0
Serigrafia,Plástico,448,40.0,50.0,282.8,0
Plotter,Microperforado,33,82.89,372.12,1254.73,0
Digital,Bond 80g,602,21.0,29.7,52.19,1
Digital,Bond 80g,367,21.0,29.7,41.35,1
Offset,Couché 300g,33781,70.0,100.0,235.43,0
Plotter,Lona Banner,39,139.81,316.83,2099.39,0
Serigrafia,Plástico,77,40.0,50.0,72.3,0
Serigrafia,Plástico,115,40.0,50.0,119.67,1
Plotter,Vinilo Adhesivo,36,292.46,254.21,3257.02,0
Offset,Bond 90g,45738,70.0,100.0,284.5,0
Plotter,Lona Banner,29,134.25,423.0,1999.64,0
Offset,Bond 90g,43240,70.0,100.0,313.1,0
Plotter,Microperforado,12,226.69,125.17,426.0,0
Plotter,Lona Banner,20,144.84,322.49,1156.07,0
Plotter,Lona Banner,49,261.04,412.55,6340.84,0
Plotter,Vinilo Adhesivo,28,266.05,301.16,2717.06,0
Offset,Folkote,17001,70.0,100.0,160.45,0
Offset,Bond 90g,1968,70.0,100.0,92.12,1
Plotter,Lona Banner,29,210.0,151.12,1134.88,0
Digital,Couché 150g,534,21.0,29.7,49.8,1
Serigrafia,Plástico,228,40.0,50.0,163.48,0
Serigrafia,Cartón,255,40.0,50.0,163.69,0
Offset,Folkote,36057,70.0,100.0,271.44,0
Serigrafia,Plástico,265,40.0,50.0,162.06,0
Offset,Bond 90g,7570,70.0,100.0,117.88,0
Digital,Cartulina Hilo,227,21.0,29.7,40.63,1
Offset,Couché 300g,40062,70.0,100.0,254.43,0
Plotter,Lona Banner,45,85.89,472.92,2215.99,0
Serigrafia,Tela,390,40.0,50.0,245.05,0
Serigrafia,Plástico,178,40.0,50.0,126.79,0
Plotter,Vinilo Adhesivo,38,267.04,129.72,1614.38,0
Plotter,Microperforado,34,215.41,490.38,4338.79,0
Plotter,Lona Banner,18,204.46,441.01,1977.39,0
Offset,Couché 300g,32463,70.0,100.0,233.29,0
Serigrafia,Cartón,394,40.0,50.0,244.79,0
Digital,Cartulina Hilo,863,21.0,29.7,69.96,1
Plotter,Lona Banner,31,214.72,227.24,1852.62,0
Serigrafia,Tela,118,40.0,50.0,85.49,0
Offset,Couché 300g,5033,70.0,100.0,109.6,0
Offset,Couché 300g,38873,70.0,100.0,253.23,0
Serigrafia,Plástico,210,40.0,50.0,159.31,0
Digital,Cartulina Hilo,730,21.0,29.7,58.88,0
Digital,Couché 150g,373,21.0,29.7,38.57,1
Serigrafia,Tela,147,40.0,50.0,101.65,0
Digital,Couché 150g,663,21.0,29.7,48.81,0
Serigrafia,Cartón,68,40.0,50.0,84.97,1
Serigrafia,Plástico,328,40.0,50.0,216.01,0
Plotter,Microperforado,19,267.23,219.05,1374.42,0
Digital,Bond 80g,774,21.0,29.7,50.35,0
Offset,Folkote,4726,70.0,100.0,112.01,1
Offset,Bond 90g,35958,70.0,100.0,270.65,0
Plotter,Microperforado,21,145.1,296.82,1126.02,0
Digital,Couché 150g,340,21.0,29.7,64.46,1
Digital,Couché 150g,989,21.0,29.7,74.87,0
Serigrafia,Tela,159,40.0,50.0,122.18,0
Serigrafia,Plástico,379,40.0,50.0,234.53,0
Plotter,Microperforado,21,265.83,283.59,1945.95,0
Plotter,Vinilo Adhesivo,6,278.56,416.19,848.42,0
Offset,Folkote,47819,70.0,100.0,315.8,0
Plotter,Vinilo Adhesivo,15,148.59,297.24,833.55,0
Digital,Bond 80g,476,21.0,29.7,58.59,1
Digital,Couché 150g,70,21.0,29.7,36.09,1
Offset,Couché 300g,9906,70.0,100.0,127.34,0
Plotter,Lona Banner,15,99.29,265.63,500.07,0
Digital,Couché 150g,422,21.0,29.7,41.83,1
Plotter,Lona Banner,46,126.82,411.36,2890.66,0
Digital,Cartulina Hilo,469,21.0,29.7,52.42,1
Offset,Folkote,43641,70.0,100.0,296.37,0
Offset,Folkote,35905,70.0,100.0,253.86,0
Plotter,Lona Banner,25,180.62,105.45,604.69,0
Digital,Bond 80g,208,21.0,29.7,39.35,1
Offset,Couché 300g,4654,70.0,100.0,107.76,0
Plotter,Microperforado,42,279.44,241.04,3418.07,0
Serigrafia,Plástico,423,40.0,50.0,258.74,0
Digital,Couché 150g,425,21.0,29.7,59.89,1
Plotter,Vinilo Adhesivo,45,208.29,478.13,5419.87,0
Serigrafia,Plástico,263,40.0,50.0,180.34,0
Digital,Bond 80g,269,21.0,29.7,31.43,1
Plotter,Lona Banner,10,93.69,212.35,262.12,0
Plotter,Microperforado,42,275.01,209.04,2934.82,0
Serigrafia,Plástico,99,40.0,50.0,87.49,0
Offset,Bond 90g,40575,70.0,100.0,274.93,0
Digital,Bond 80g,251,21.0,29.7,50.03,1
Plotter,Vinilo Adhesivo,25,73.88,330.74,785.31,0
Offset,Couché 300g,27160,70.0,100.0,198.42,0
Serigrafia,Cartón,157,40.0,50.0,119.96,0
Digital,Couché 150g,711,21.0,29.7,65.09,1
Offset,Couché 300g,12695,70.0,100.0,127.84,0
Serigrafia,Tela,209,40.0,50.0,142.1,0
Offset,Folkote,27122,70.0,100.0,205.04,0
Plotter,Microperforado,25,296.95,111.4,1008.68,0
Offset,Couché 300g,29482,70.0,100.0,203.73,0
Serigrafia,Plástico,474,40.0,50.0,262.26,0
Plotter,Microperforado,49,53.96,203.49,679.49,0
Digital,Bond 80g,151,21.0,29.7,44.59,1
Digital,Cartulina Hilo,603,21.0,29.7,56.84,1
Plotter,Lona Banner,36,71.41,452.39,1428.18,0
Offset,Folkote,15210,70.0,100.0,134.18,0
Offset,Folkote,38957,70.0,100.0,257.25,0
Serigrafia,Plástico,474,40.0,50.0,271.78,0
Serigrafia,Cartón,365,40.0,50.0,248.3,0
Digital,Couché 150g,691,21.0,29.7,54.34,0
Plotter,Microperforado,32,185.0,446.04,3200.74,0
Serigrafia,Tela,99,40.0,50.0,83.55,0
Serigrafia,Cartón,107,40.0,50.0,105.83,0
Plotter,Lona Banner,3,97.58,73.55,40.84,0
Offset,Folkote,10686,70.0,100.0,115.13,0
Plotter,Microperforado,30,133.39,311.21,1537.6,0
Serigrafia,Tela,360,40.0,50.0,231.94,0
Serigrafia,Tela,257,40.0,50.0,157.94,0
Plotter,Microperforado,16,50.31,185.38,190.85,0
Digital,Couché 150g,697,21.0,29.7,54.51,0
Digital,Couché 150g,153,21.0,29.7,18.58,0
Plotter,Vinilo Adhesivo,5,234.3,395.87,594.23,0
Offset,Couché 300g,14395,70.0,100.0,135.42,0
Digital,Couché 150g,455,21.0,29.7,49.67,1
Digital,Cartulina Hilo,210,21.0,29.7,32.41,1
Serigrafia,Tela,321,40.0,50.0,193.12,0
Offset,Couché 300g,17163,70.0,100.0,161.06,0
Serigrafia,Tela,200,40.0,50.0,137.14,0
Digital,Couché 150g,390,21.0,29.7,31.19,0
Offset,Couché 300g,36585,70.0,100.0,258.8,0
Plotter,Vinilo Adhesivo,11,256.32,175.87,632.12,0
Digital,Bond 80g,715,21.0,29.7,64.64,1
Serigrafia,Cartón,468,40.0,50.0,303.93,0
Offset,Couché 300g,25981,70.0,100.0,207.42,0
Digital,Bond 80g,150,21.0,29.7,32.48,1
Serigrafia,Plástico,293,40.0,50.0,192.32,0
Offset,Folkote,35594,70.0,100.0,251.98,0
Plotter,Vinilo Adhesivo,30,269.49,440.63,4310.53,0
Digital,Bond 80g,997,21.0,29.7,80.85,1
Digital,Bond 80g,575,21.0,29.7,52.0,1
Serigrafia,Tela,115,40.0,50.0,94.94,0
Digital,Couché 150g,908,21.0,29.7,60.03,0
Plotter,Vinilo Adhesivo,20,193.26,469.73,2221.85,0
Serigrafia,Cartón,499,40.0,50.0,294.25,0
Serigrafia,Cartón,159,40.0,50.0,132.68,0
Offset,Folkote,32055,70.0,100.0,228.77,0
Serigrafia,Plástico,436,40.0,50.0,268.3,0
Plotter,Microperforado,35,149.67,115.87,752.25,0
Serigrafia,Cartón,74,40.0,50.0,80.13,0
Digital,Couché 150g,128,21.0,29.7,31.97,1
Plotter,Lona Banner,32,80.51,317.43,1016.65,0
Plotter,Vinilo Adhesivo,31,176.54,247.78,1660.04,0
Digital,Couché 150g,910,21.0,29.7,62.57,0
Digital,Cartulina Hilo,92,21.0,29.7,44.91,1
Offset,Couché 300g,7610,70.0,100.0,125.24,0
Digital,Bond 80g,336,21.0,29.7,34.91,1
Digital,Couché 150g,828,21.0,29.7,65.77,0
Serigrafia,Tela,227,40.0,50.0,159.99,0
Offset,Couché 300g,26032,70.0,100.0,201.79,0
Offset,Bond 90g,38846,70.0,100.0,263.59,0
Serigrafia,Cartón,378,40.0,50.0,229.89,0
Offset,Folkote,29861,70.0,100.0,216.61,0
Serigrafia,Cartón,449,40.0,50.0,263.9,0
Digital,Cartulina Hilo,813,21.0,29.7,80.86,1
Offset,Folkote,24312,70.0,100.0,210.04,0
Serigrafia,Cartón,150,40.0,50.0,104.66,0
Offset,Bond 90g,42779,70.0,100.0,298.02,0
Plotter,Vinilo Adhesivo,36,181.76,241.74,1914.47,0
Offset,Bond 90g,32238,70.0,100.0,233.94,0
Plotter,Lona Banner,27,153.53,422.39,2139.96,0
Serigrafia,Plástico,232,40.0,50.0,168.62,0
Digital,Cartulina Hilo,435,21.0,29.7,44.42,1
Digital,Couché 150g,791,21.0,29.7,54.09,0
Offset,Couché 300g,8758,70.0,100.0,136.28,1
Digital,Bond 80g,937,21.0,29.7,79.79,1
Serigrafia,Cartón,472,40.0,50.0,265.67,0
Plotter,Lona Banner,26,110.3,489.14,1723.65,0
Digital,Couché 150g,387,21.0,29.7,30.47,0
Offset,Bond 90g,11634,70.0,100.0,125.55,0
Offset,Bond 90g,5798,70.0,100.0,86.56,0
Plotter,Microperforado,26,81.8,439.1,1150.6,0
Offset,Couché 300g,38487,70.0,100.0,265.71,0
Serigrafia,Cartón,282,40.0,50.0,203.12,0
Serigrafia,Plástico,270,40.0,50.0,171.25,0
Digital,Bond 80g,70,21.0,29.7,10.0,0
Offset,Couché 300g,44404,70.0,100.0,301.67,0
Plotter,Lona Banner,2,159.4,164.6,94.64,0
Offset,Folkote,24561,70.0,100.0,196.93,0
Serigrafia,Cartón,281,40.0,50.0,187.03,0
Offset,Folkote,26364,70.0,100.0,206.64,0
Digital,Couché 150g,825,21.0,29.7,79.37,1
Digital,Cartulina Hilo,775,21.0,29.7,76.77,1
Serigrafia,Cartón,493,40.0,50.0,307.12,0
Offset,Bond 90g,26431,70.0,100.0,206.85,0
Digital,Cartulina Hilo,57,21.0,29.7,30.44,1
Digital,Bond 80g,894,21.0,29.7,80.63,1
Plotter,Lona Banner,35,53.03,480.43,1105.73,0
Serigrafia,Cartón,326,40.0,50.0,200.31,0
Digital,Bond 80g,277,21.0,29.7,16.13,0
Serigrafia,Cartón,188,40.0,50.0,132.89,0
Digital,Bond 80g,491,21.0,29.7,61.5,1
Digital,Couché 150g,310,21.0,29.7,53.05,1
Offset,Bond 90g,11759,70.0,100.0,135.68,0
Plotter,Lona Banner,10,55.24,86.98,93.72,0
Plotter,Microperforado,2,216.84,54.69,71.57,1
Digital,Bond 80g,853,21.0,29.7,80.93,1
Serigrafia,Cartón,218,40.0,50.0,159.56,0
Offset,Folkote,13504,70.0,100.0,136.69,0
Serigrafia,Tela,419,40.0,50.0,254.89,0
Digital,Couché 150g,827,21.0,29.7,59.91,0
Offset,Couché 300g,22991,70.0,100.0,199.23,0
Offset,Bond 90g,18153,70.0,100.0,180.32,0
Serigrafia,Cartón,400,40.0,50.0,262.99,0
Serigrafia,Plástico,449,40.0,50.0,274.88,0
Offset,Couché 300g,17905,70.0,100.0,175.25,0
Offset,Folkote,46838,70.0,100.0,311.49,0
Serigrafia,Tela,202,40.0,50.0,136.92,0
Digital,Couché 150g,537,21.0,29.7,34.47,0
Serigrafia,Tela,163,40.0,50.0,107.02,0
Serigrafia,Cartón,327,40.0,50.0,211.65,0
Serigrafia,Tela,221,40.0,50.0,153.84,0
Digital,Bond 80g,337,21.0,29.7,38.64,1
Digital,Couché 150g,966,21.0,29.7,73.27,0
Digital,Bond 80g,171,21.0,29.7,36.59,1
Digital,Couché 150g,546,21.0,29.7,54.96,1
Plotter,Vinilo Adhesivo,12,279.73,163.51,686.15,0
Plotter,Lona Banner,8,237.05,301.02,731.08,0
Offset,Bond 90g,30334,70.0,100.0,216.28,0
Plotter,Lona Banner,22,238.3,171.2,1112.05,0
Plotter,Vinilo Adhesivo,28,60.79,124.17,287.63,0
Serigrafia,Plástico,332,40.0,50.0,204.49,0
Offset,Couché 300g,49689,70.0,100.0,323.75,0
Offset,Folkote,21567,70.0,100.0,167.92,0
Offset,Folkote,30739,70.0,100.0,231.78,0
Offset,Bond 90g,2724,70.0,100.0,105.64,1
Digital,Couché 150g,402,21.0,29.7,26.11,0
Plotter,Microperforado,19,87.89,92.19,215.53,0
Serigrafia,Tela,157,40.0,50.0,136.4,0
Serigrafia,Tela,160,40.0,50.0,131.73,0
Serigrafia,Plástico,185,40.0,50.0,135.0,0
Plotter,Lona Banner,1,235.43,446.65,155.99,0
Serigrafia,Tela,437,40.0,50.0,261.41,0
Serigrafia,Tela,411,40.0,50.0,241.99,0
Offset,Folkote,45522,70.0,100.0,313.61,0
Digital,Cartulina Hilo,351,21.0,29.7,33.97,0
Serigrafia,Tela,280,40.0,50.0,200.45,0
Plotter,Vinilo Adhesivo,48,245.95,299.4,4280.96,0
Offset,Folkote,48701,70.0,100.0,320.81,0
Serigrafia,Tela,61,40.0,50.0,77.86,0
Digital,Couché 150g,258,21.0,29.7,45.64,1
Digital,Cartulina Hilo,961,21.0,29.7,84.27,1
Plotter,Vinilo Adhesivo,31,126.4,444.49,2137.33,0
Serigrafia,Plástico,73,40.0,50.0,77.5,0
Offset,Folkote,2013,70.0,100.0,68.08,0
Plotter,Microperforado,21,50.47,130.27,210.25,0
Digital,Cartulina Hilo,251,21.0,29.7,22.29,0
Serigrafia,Cartón,106,40.0,50.0,110.63,1
Plotter,Vinilo Adhesivo,45,73.25,314.69,1296.86,0
Plotter,Microperforado,24,76.03,151.45,358.68,0
Plotter,Vinilo Adhesivo,4,63.2,268.97,127.66,1
Plotter,Microperforado,19,174.56,84.68,382.64,0
Digital,Cartulina Hilo,455,21.0,29.7,58.43,1
Plotter,Microperforado,38,102.46,421.31,2006.92,0
Digital,Couché 150g,68,21.0,29.7,16.98,0
Digital,Couché 150g,232,21.0,29.7,34.66,1
Plotter,Vinilo Adhesivo,49,158.5,89.87,872.4,0
Digital,Couché 150g,812,21.0,29.7,51.95,0
Plotter,Microperforado,47,299.59,469.9,7959.53,0
Offset,Folkote,35051,70.0,100.0,268.8,0
Serigrafia,Cartón,197,40.0,50.0,140.0,0
Serigrafia,Tela,247,40.0,50.0,171.12,0
Offset,Bond 90g,31254,70.0,100.0,227.55,0
Plotter,Lona Banner,9,287.58,141.32,479.81,0
Digital,Cartulina Hilo,549,21.0,29.7,38.34,0
Digital,Bond 80g,668,21.0,29.7,46.66,0
Offset,Couché 300g,29272,70.0,100.0,238.23,0
Digital,Couché 150g,759,21.0,29.7,79.69,1
Serigrafia,Plástico,386,40.0,50.0,232.17,0
Plotter,Vinilo Adhesivo,37,170.23,245.83,1875.0,0
Plotter,Vinilo Adhesivo,5,226.5,334.03,484.95,0
Digital,Couché 150g,661,21.0,29.7,59.51,1
Offset,Bond 90g,43821,70.0,100.0,291.36,0
Offset,Folkote,2619,70.0,100.0,78.1,0
Digital,Couché 150g,713,21.0,29.7,57.46,0
Digital,Cartulina Hilo,457,21.0,29.7,47.67,1
Digital,Couché 150g,925,21.0,29.7,61.71,0
Digital,Bond 80g,319,21.0,29.7,31.41,0
Plotter,Vinilo Adhesivo,10,117.99,391.73,599.56,0
Serigrafia,Plástico,93,40.0,50.0,88.79,0
Digital,Bond 80g,890,21.0,29.7,64.24,0
Offset,Couché 300g,3643,70.0,100.0,93.07,0
Offset,Folkote,41785,70.0,100.0,259.68,0
Serigrafia,Plástico,56,40.0,50.0,81.84,1
Offset,Folkote,32358,70.0,100.0,244.66,0
Serigrafia,Plástico,252,40.0,50.0,162.09,0
Digital,Couché 150g,197,21.0,29.7,46.45,1
Serigrafia,Cartón,425,40.0,50.0,253.73,0
Plotter,Lona Banner,14,232.71,491.58,1959.76,0
Offset,Bond 90g,35521,70.0,100.0,240.06,0
Digital,Cartulina Hilo,982,21.0,29.7,60.77,0
Plotter,Microperforado,25,286.76,485.31,4229.16,0
Plotter,Lona Banner,41,55.51,374.0,1043.18,0
Serigrafia,Cartón,135,40.0,50.0,110.86,0
Plotter,Microperforado,33,180.85,101.65,762.23,0
Plotter,Vinilo Adhesivo,41,247.92,296.98,3659.43,0
Plotter,Microperforado,34,70.43,256.24,753.65,0
Offset,Couché 300g,18921,70.0,100.0,169.03,0
Serigrafia,Tela,71,40.0,50.0,84.87,0
Digital,Cartulina Hilo,147,21.0,29.7,41.39,1
Offset,Bond 90g,12407,70.0,100.0,154.73,0
Digital,Couché 150g,135,21.0,29.7,21.41,0
Digital,Cartulina Hilo,637,21.0,29.7,57.06,1
Digital,Couché 150g,620,21.0,29.7,48.72,0
Digital,Couché 150g,699,21.0,29.7,38.62,0
Serigrafia,Cartón,326,40.0,50.0,207.63,0
Serigrafia,Cartón,69,40.0,50.0,95.33,1
Plotter,Lona Banner,22,54.49,106.81,186.39,0
Offset,Bond 90g,31798,70.0,100.0,231.07,0
Plotter,Vinilo Adhesivo,28,243.0,62.23,522.43,0
Serigrafia,Plástico,458,40.0,50.0,271.32,0
Plotter,Lona Banner,44,184.68,274.02,2694.92,0
Serigrafia,Cartón,311,40.0,50.0,192.47,0
Serigrafia,Cartón,428,40.0,50.0,237.7,0
Plotter,Lona Banner,43,243.9,484.01,6122.65,0
Plotter,Vinilo Adhesivo,24,139.17,390.87,1582.22,0
Plotter,Lona Banner,37,208.65,409.06,3827.14,0
Offset,Bond 90g,38991,70.0,100.0,268.04,0
Offset,Folkote,14521,70.0,100.0,152.45,0
Plotter,Vinilo Adhesivo,12,91.51,326.06,451.2,0
Plotter,Vinilo Adhesivo,45,276.54,174.61,2631.93,0
Offset,Bond 90g,34380,70.0,100.0,241.74,0
Offset,Folkote,47971,70.0,100.0,309.35,0
Digital,Bond 80g,415,21.0,29.7,55.19,1
Serigrafia,Tela,295,40.0,50.0,183.91,0
Plotter,Vinilo Adhesivo,1,154.44,492.85,132.76,0
Plotter,Lona Banner,21,231.3,195.36,1160.04,0
Serigrafia,Cartón,374,40.0,50.0,235.64,0
Offset,Bond 90g,10752,70.0,100.0,123.74,0
Serigrafia,Tela,182,40.0,50.0,141.59,0
Serigrafia,Tela,276,40.0,50.0,186.38,0
Offset,Bond 90g,10587,70.0,100.0,124.98,0
Digital,Cartulina Hilo,535,21.0,29.7,69.83,1
Digital,Cartulina Hilo,989,21.0,29.7,77.96,1
Serigrafia,Plástico,426,40.0,50.0,271.17,0
Digital,Couché 150g,925,21.0,29.7,70.07,0
Offset,Couché 300g,19888,70.0,100.0,173.53,0
Offset,Couché 300g,10346,70.0,100.0,104.33,0
Digital,Bond 80g,637,21.0,29.7,46.86,0
Plotter,Vinilo Adhesivo,21,78.24,89.23,200.87,0
Serigrafia,Tela,466,40.0,50.0,272.35,0
Serigrafia,Plástico,90,40.0,50.0,85.89,0
Plotter,Microperforado,47,97.82,326.2,1849.01,0
Serigrafia,Tela,322,40.0,50.0,189.77,0
Digital,Cartulina Hilo,886,21.0,29.7,73.59,1
Serigrafia,Plástico,396,40.0,50.0,246.82,0
Offset,Bond 90g,10122,70.0,100.0,122.43,0
Serigrafia,Tela,297,40.0,50.0,186.75,0
Plotter,Microperforado,28,220.42,125.21,965.98,0
Plotter,Microperforado,47,126.33,145.69,1064.24,0
Offset,Bond 90g,7370,70.0,100.0,106.82,0
Offset,Couché 300g,9179,70.0,100.0,135.33,0
Serigrafia,Tela,191,40.0,50.0,138.51,0
Plotter,Microperforado,9,247.11,349.24,965.06,0
Plotter,Vinilo Adhesivo,18,212.69,443.4,2051.45,0
Digital,Bond 80g,191,21.0,29.7,20.27,0
Serigrafia,Tela,149,40.0,50.0,109.98,0
Plotter,Lona Banner,19,294.2,99.82,696.56,0
Plotter,Microperforado,20,54.5,239.65,347.34,0
Plotter,Microperforado,46,277.69,389.28,5990.21,0
Serigrafia,Tela,250,40.0,50.0,180.03,0
Serigrafia,Tela,173,40.0,50.0,152.07,1
Serigrafia,Plástico,424,40.0,50.0,279.0,0
Digital,Couché 150g,447,21.0,29.7,52.67,1
Serigrafia,Cartón,169,40.0,50.0,133.17,0
Digital,Cartulina Hilo,985,21.0,29.7,92.63,1
Offset,Couché 300g,44472,70.0,100.0,278.51,0
Serigrafia,Plástico,252,40.0,50.0,168.04,0
Serigrafia,Cartón,358,40.0,50.0,213.46,0
Offset,Folkote,33808,70.0,100.0,233.36,0
Serigrafia,Plástico,245,40.0,50.0,163.93,0
Offset,Couché 300g,6374,70.0,100.0,114.81,0
Digital,Cartulina Hilo,744,21.0,29.7,74.59,1
Plotter,Vinilo Adhesivo,48,58.67,312.26,1086.36,0
Offset,Couché 300g,30165,70.0,100.0,226.53,0
Serigrafia,Tela,374,40.0,50.0,243.62,0
Serigrafia,Cartón,353,40.0,50.0,224.98,0
Digital,Cartulina Hilo,978,21.0,29.7,85.54,1
Serigrafia,Tela,250,40.0,50.0,172.65,0
Offset,Folkote,10168,70.0,100.0,132.26,0
Digital,Couché 150g,531,21.0,29.7,53.45,1
Digital,Couché 150g,350,21.0,29.7,52.51,1
Digital,Bond 80g,392,21.0,29.7,26.5,0
Digital,Couché 150g,637,21.0,29.7,49.97,0
Digital,Couché 150g,223,21.0,29.7,41.26,1
Plotter,Lona Banner,26,91.21,126.76,404.45,0
Offset,Bond 90g,15868,70.0,100.0,166.56,0
Offset,Folkote,13466,70.0,100.0,159.83,0
Offset,Couché 300g,29803,70.0,100.0,215.9,0
Plotter,Lona Banner,4,146.13,269.45,222.88,0
Plotter,Microperforado,22,115.67,172.21,559.39,0
Digital,Bond 80g,633,21.0,29.7,56.45,1
Digital,Couché 150g,136,21.0,29.7,40.87,1
Digital,Couché 150g,771,21.0,29.7,61.4,0
Plotter,Lona Banner,17,59.94,321.83,421.59,0
Offset,Couché 300g,30033,70.0,100.0,228.21,0
Plotter,Lona Banner,1,162.62,262.84,75.66,0
Plotter,Vinilo Adhesivo,48,120.17,143.15,1043.62,0
Plotter,Microperforado,13,184.25,434.36,1273.65,0
Plotter,Vinilo Adhesivo,39,250.65,307.42,3643.89,0
Digital,Cartulina Hilo,367,21.0,29.7,38.27,1
Offset,Folkote,23760,70.0,100.0,192.65,0
Plotter,Vinilo Adhesivo,9,254.17,178.05,520.08,0
Offset,Bond 90g,45602,70.0,100.0,316.32,0
Offset,Couché 300g,4112,70.0,100.0,94.92,0
Offset,Bond 90g,45199,70.0,100.0,295.09,0
Digital,Cartulina Hilo,669,21.0,29.7,64.24,1
Serigrafia,Cartón,494,40.0,50.0,295.48,0
Offset,Folkote,43092,70.0,100.0,274.65,0
Digital,Cartulina Hilo,350,21.0,29.7,51.45,1
Offset,Folkote,34755,70.0,100.0,243.94,0
Serigrafia,Cartón,480,40.0,50.0,286.47,0
Offset,Couché 300g,1726,70.0,100.0,91.82,1
Serigrafia,Plástico,210,40.0,50.0,137.95,0
Serigrafia,Plástico,176,40.0,50.0,126.3,0
Plotter,Lona Banner,47,154.74,388.03,3419.08,0
Digital,Couché 150g,786,21.0,29.7,47.56,0
Digital,Cartulina Hilo,90,21.0,29.7,20.54,1
Serigrafia,Cartón,472,40.0,50.0,298.82,0
Offset,Bond 90g,35610,70.0,100.0,242.4,0
Digital,Bond 80g,892,21.0,29.7,70.16,0
Serigrafia,Tela,100,40.0,50.0,120.47,1
Digital,Bond 80g,167,21.0,29.7,37.87,1
Offset,Bond 90g,12777,70.0,100.0,128.14,0
Serigrafia,Plástico,142,40.0,50.0,116.58,0
Serigrafia,Cartón,345,40.0,50.0,210.05,0
Digital,Bond 80g,307,21.0,29.7,40.02,1
Serigrafia,Cartón,468,40.0,50.0,276.92,0
Serigrafia,Cartón,284,40.0,50.0,213.78,0
Digital,Bond 80g,406,21.0,29.7,40.44,1
Serigrafia,Tela,262,40.0,50.0,170.3,0
Serigrafia,Tela,458,40.0,50.0,280.18,0
Serigrafia,Cartón,328,40.0,50.0,219.48,0
Digital,Bond 80g,469,21.0,29.7,45.1,1
Serigrafia,Plástico,148,40.0,50.0,119.81,0
Serigrafia,Plástico,171,40.0,50.0,122.45,0
Plotter,Vinilo Adhesivo,30,161.6,409.27,2413.93,0
Serigrafia,Plástico,384,40.0,50.0,239.6,0
Serigrafia,Tela,90,40.0,50.0,71.81,0
Digital,Bond 80g,609,21.0,29.7,48.52,0
Offset,Couché 300g,48775,70.0,100.0,331.92,0
Plotter,Lona Banner,36,148.24,286.62,1848.9,0
Offset,Couché 300g,37129,70.0,100.0,258.11,0
Plotter,Lona Banner,4,61.19,392.86,133.25,0
Serigrafia,Cartón,96,40.0,50.0,106.1,1
Plotter,Microperforado,43,146.47,406.27,3114.49,0
Serigrafia,Cartón,444,40.0,50.0,278.1,0
Plotter,Lona Banner,5,182.77,428.78,488.37,0
Digital,Cartulina Hilo,489,21.0,29.7,49.19,1
Serigrafia,Tela,437,40.0,50.0,266.3,0
Offset,Folkote,6744,70.0,100.0,108.26,0
Digital,Cartulina Hilo,425,21.0,29.7,34.78,0
Digital,Bond 80g,393,21.0,29.7,50.11,1
Plotter,Lona Banner,4,74.83,143.99,81.78,0
Offset,Couché 300g,38226,70.0,100.0,255.15,0
Digital,Bond 80g,867,21.0,29.7,64.73,0
Serigrafia,Cartón,311,40.0,50.0,197.91,0
Offset,Bond 90g,3169,70.0,100.0,106.83,1
Serigrafia,Tela,174,40.0,50.0,117.96,0
Digital,Cartulina Hilo,84,21.0,29.7,14.67,0
Serigrafia,Tela,136,40.0,50.0,114.26,0
Plotter,Microperforado,9,296.0,179.78,604.59,0
Serigrafia,Plástico,480,40.0,50.0,284.82,0
Offset,Couché 300g,2932,70.0,100.0,93.63,0
Offset,Bond 90g,11913,70.0,100.0,129.4,0
Serigrafia,Cartón,392,40.0,50.0,234.23,0
Digital,Cartulina Hilo,996,21.0,29.7,85.42,1
Plotter,Microperforado,45,98.66,75.94,429.9,0
Digital,Couché 150g,991,21.0,29.7,63.4,0
Plotter,Microperforado,11,189.43,206.27,553.24,0
Serigrafia,Plástico,141,40.0,50.0,118.74,0
Digital,Cartulina Hilo,484,21.0,29.7,45.62,1
Serigrafia,Plástico,322,40.0,50.0,196.98,0
Digital,Cartulina Hilo,263,21.0,29.7,48.76,1
Offset,Bond 90g,47840,70.0,100.0,312.3,0
Plotter,Vinilo Adhesivo,39,148.78,67.76,516.2,0
Serigrafia,Cartón,194,40.0,50.0,147.24,0
Plotter,Microperforado,27,277.36,374.96,3402.36,0
Offset,Bond 90g,2708,70.0,100.0,83.09,0
Digital,Bond 80g,807,21.0,29.7,64.86,0
Serigrafia,Cartón,444,40.0,50.0,260.21,0
Digital,Bond 80g,233,21.0,29.7,37.41,1
Offset,Folkote,47099,70.0,100.0,305.26,0
Digital,Bond 80g,631,21.0,29.7,56.18,1
Digital,Cartulina Hilo,578,21.0,29.7,54.09,1
Plotter,Microperforado,44,170.85,438.6,3993.11,0
Offset,Couché 300g,8166,70.0,100.0,114.99,0
Offset,Bond 90g,29064,70.0,100.0,201.08,0
Serigrafia,Tela,495,40.0,50.0,286.54,0
Plotter,Microperforado,11,279.68,213.02,830.18,0
Digital,Couché 150g,514,21.0,29.7,62.64,1
Digital,Bond 80g,800,21.0,29.7,61.63,0
Digital,Bond 80g,821,21.0,29.7,64.98,0
Offset,Bond 90g,49456,70.0,100.0,336.18,0
Plotter,Microperforado,8,263.49,247.62,662.29,0
Offset,Bond 90g,25045,70.0,100.0,170.82,0
Digital,Cartulina Hilo,750,21.0,29.7,82.07,1
Digital,Couché 150g,732,21.0,29.7,59.19,0
Offset,Bond 90g,37674,70.0,100.0,255.64,0
Plotter,Lona Banner,21,139.68,412.0,1484.26,0
Serigrafia,Tela,201,40.0,50.0,147.62,0
Offset,Bond 90g,28810,70.0,100.0,236.31,0
Plotter,Lona Banner,19,100.16,497.59,1165.12,0
Plotter,Lona Banner,37,235.12,114.28,1219.46,0
Plotter,Lona Banner,40,284.27,419.87,5760.93,0
Serigrafia,Tela,84,40.0,50.0,88.45,0
Digital,Couché 150g,243,21.0,29.7,34.92,1
Serigrafia,Cartón,339,40.0,50.0,205.77,0
Offset,Bond 90g,49511,70.0,100.0,327.26,0
Serigrafia,Cartón,447,40.0,50.0,249.94,0
Digital,Bond 80g,237,21.0,29.7,54.1,1
Serigrafia,Tela,94,40.0,50.0,98.72,0
Offset,Folkote,29220,70.0,100.0,213.94,0
Offset,Couché 300g,13449,70.0,100.0,145.61,0
Plotter,Lona Banner,42,110.56,265.22,1512.29,0
Offset,Folkote,11350,70.0,100.0,124.19,0
Offset,Folkote,31622,70.0,100.0,225.42,0
Plotter,Microperforado,8,123.13,118.55,160.73,0
Digital,Cartulina Hilo,616,21.0,29.7,53.02,0
Digital,Couché 150g,614,21.0,29.7,62.03,1
Serigrafia,Tela,344,40.0,50.0,223.35,0
Serigrafia,Tela,486,40.0,50.0,275.61,0
Digital,Bond 80g,830,21.0,29.7,49.97,0
Serigrafia,Cartón,362,40.0,50.0,238.03,0
Offset,Couché 300g,48829,70.0,100.0,325.13,0
Serigrafia,Plástico,81,40.0,50.0,77.01,0
Digital,Cartulina Hilo,495,21.0,29.7,62.76,1
Offset,Bond 90g,2589,70.0,100.0,86.08,0
Plotter,Lona Banner,20,220.65,158.87,879.76,0
Plotter,Lona Banner,24,122.49,303.48,1106.21,0
Digital,Couché 150g,309,21.0,29.7,44.37,1
Digital,Bond 80g,515,21.0,29.7,45.66,0
Plotter,Microperforado,12,174.17,177.92,479.6,0
Digital,Bond 80g,124,21.0,29.7,21.73,1
Plotter,Vinilo Adhesivo,41,237.16,192.91,2280.99,0
Serigrafia,Tela,203,40.0,50.0,146.41,0
Serigrafia,Cartón,323,40.0,50.0,216.05,0
Serigrafia,Tela,392,40.0,50.0,230.67,0
Plotter,Vinilo Adhesivo,24,259.83,51.72,425.28,0
Digital,Couché 150g,206,21.0,29.7,26.63,1
Plotter,Vinilo Adhesivo,28,75.47,212.11,575.16,0
Plotter,Microperforado,44,192.95,458.24,4693.61,0
Digital,Couché 150g,868,21.0,29.7,76.91,1
Plotter,Vinilo Adhesivo,48,284.08,353.81,5818.08,0
Plotter,Lona Banner,17,221.75,272.22,1277.14,0
Plotter,Microperforado,10,84.78,164.4,183.98,0
Serigrafia,Cartón,284,40.0,50.0,188.92,0
Digital,Cartulina Hilo,925,21.0,29.7,71.93,0
Serigrafia,Plástico,60,40.0,50.0,75.89,0
Plotter,Microperforado,30,117.24,263.93,1145.96,0
Offset,Folkote,6842,70.0,100.0,104.83,0
Plotter,Microperforado,37,174.64,223.3,1762.93,0
Digital,Cartulina Hilo,602,21.0,29.7,45.14,0
Digital,Bond 80g,817,21.0,29.7,65.23,0
Digital,Couché 150g,276,21.0,29.7,33.72,1
Serigrafia,Cartón,62,40.0,50.0,74.52,0
Digital,Couché 150g,259,21.0,29.7,16.3,0
Plotter,Vinilo Adhesivo,2,103.0,345.81,128.87,0
Plotter,Microperforado,11,232.62,341.47,1085.01,0
Serigrafia,Cartón,286,40.0,50.0,195.56,0
Offset,Bond 90g,21360,70.0,100.0,185.56,0
Plotter,Vinilo Adhesivo,18,234.27,488.57,2493.28,0
Digital,Bond 80g,989,21.0,29.7,89.93,1
Digital,Cartulina Hilo,487,21.0,29.7,41.74,0
Offset,Couché 300g,9547,70.0,100.0,132.76,0
Plotter,Lona Banner,10,185.95,94.94,247.02,0
Plotter,Vinilo Adhesivo,10,53.67,220.59,169.79,0
Digital,Cartulina Hilo,970,21.0,29.7,63.56,0
Plotter,Vinilo Adhesivo,3,151.07,288.92,186.36,0
Digital,Cartulina Hilo,220,21.0,29.7,36.15,1
Offset,Folkote,32128,70.0,100.0,235.86,0
Serigrafia,Plástico,279,40.0,50.0,189.97,0
Serigrafia,Cartón,370,40.0,50.0,240.54,0
Serigrafia,Cartón,224,40.0,50.0,149.77,0
Serigrafia,Cartón,153,40.0,50.0,113.87,0
Offset,Bond 90g,49861,70.0,100.0,325.66,0
Serigrafia,Tela,282,40.0,50.0,182.46,0
Offset,Couché 300g,21447,70.0,100.0,176.5,0
Plotter,Lona Banner,32,123.33,397.91,1892.81,0
Serigrafia,Plástico,175,40.0,50.0,135.06,0
Serigrafia,Plástico,61,40.0,50.0,77.15,0
Digital,Bond 80g,672,21.0,29.7,59.11,1
Offset,Couché 300g,21936,70.0,100.0,197.3,0
Plotter,Lona Banner,23,245.09,256.1,1764.2,0
Offset,Couché 300g,45245,70.0,100.0,304.35,0
Offset,Couché 300g,22729,70.0,100.0,190.14,0
Plotter,Vinilo Adhesivo,28,168.35,76.87,473.32,0
Plotter,Vinilo Adhesivo,40,285.68,403.34,5578.54,0
Serigrafia,Tela,145,40.0,50.0,130.42,0
Serigrafia,Tela,337,40.0,50.0,226.99,0
Serigrafia,Plástico,77,40.0,50.0,76.79,0
Digital,Couché 150g,139,21.0,29.7,38.25,1
Digital,Bond 80g,541,21.0,29.7,60.38,1
Offset,Couché 300g,49152,70.0,100.0,323.28,0
Serigrafia,Plástico,443,40.0,50.0,255.13,0
Offset,Folkote,42420,70.0,100.0,277.71,0
Offset,Folkote,14379,70.0,100.0,162.7,0
Serigrafia,Cartón,370,40.0,50.0,219.85,0
Offset,Bond 90g,34840,70.0,100.0,247.69,0
Serigrafia,Cartón,487,40.0,50.0,292.66,0
Offset,Folkote,10915,70.0,100.0,122.52,0
Plotter,Lona Banner,46,65.55,116.29,451.39,0
Plotter,Microperforado,5,174.33,153.61,189.67,0
Offset,Bond 90g,28045,70.0,100.0,209.79,0
Serigrafia,Tela,460,40.0,50.0,268.01,0
Digital,Cartulina Hilo,171,21.0,29.7,46.07,1
Plotter,Lona Banner,21,290.58,329.41,2429.04,0
Offset,Folkote,45254,70.0,100.0,303.19,0
Serigrafia,Plástico,271,40.0,50.0,191.37,0
Serigrafia,Cartón,57,40.0,50.0,75.32,0
Plotter,Lona Banner,44,274.42,353.46,5127.59,0
Offset,Folkote,45523,70.0,100.0,308.6,0
Plotter,Lona Banner,6,77.22,336.44,191.16,0
Serigrafia,Plástico,236,40.0,50.0,162.51,0
Offset,Bond 90g,16449,70.0,100.0,142.15,0
Plotter,Vinilo Adhesivo,37,159.25,317.1,2273.33,0
Serigrafia,Tela,360,40.0,50.0,216.78,0
Serigrafia,Cartón,322,40.0,50.0,219.17,0
Offset,Bond 90g,30290,70.0,100.0,231.71,0
Digital,Bond 80g,979,21.0,29.7,72.73,0
Serigrafia,Cartón,296,40.0,50.0,203.5,0
Offset,Couché 300g,11717,70.0,100.0,130.41,0
Offset,Folkote,37191,70.0,100.0,250.38,0
Serigrafia,Plástico,476,40.0,50.0,275.5,0
Digital,Bond 80g,88,21.0,29.7,35.02,1
Serigrafia,Plástico,93,40.0,50.0,95.67,0
Offset,Couché 300g,13424,70.0,100.0,146.75,0
Offset,Couché 300g,9155,70.0,100.0,126.24,0
Digital,Couché 150g,561,21.0,29.7,66.72,1
Offset,Folkote,25532,70.0,100.0,204.99,0
Plotter,Microperforado,24,252.02,130.05,987.8,0
Offset,Couché 300g,28413,70.0,100.0,217.73,0
Serigrafia,Tela,150,40.0,50.0,114.43,0
Offset,Couché 300g,21331,70.0,100.0,167.09,0
Offset,Bond 90g,19060,70.0,100.0,170.23,0
Serigrafia,Plástico,138,40.0,50.0,120.15,0
Serigrafia,Plástico,142,40.0,50.0,138.57,1
Digital,Cartulina Hilo,453,21.0,29.7,44.58,1
Offset,Couché 300g,34396,70.0,100.0,229.93,0
Serigrafia,Plástico,66,40.0,50.0,73.77,0
Serigrafia,Plástico,323,40.0,50.0,188.1,0
Digital,Couché 150g,163,21.0,29.7,49.25,1
Plotter,Vinilo Adhesivo,1,97.9,463.21,84.56,0
Serigrafia,Tela,252,40.0,50.0,161.46,0
Serigrafia,Tela,90,40.0,50.0,92.14,0
Digital,Couché 150g,798,21.0,29.7,63.01,0
Plotter,Lona Banner,41,287.61,311.73,4460.95,0
Serigrafia,Tela,148,40.0,50.0,103.36,0
Plotter,Vinilo Adhesivo,12,239.69,177.12,649.15,0
Serigrafia,Cartón,376,40.0,50.0,230.09,0
Serigrafia,Cartón,203,40.0,50.0,144.61,0
Plotter,Microperforado,4,255.79,450.0,591.72,0
Offset,Couché 300g,48857,70.0,100.0,323.38,0
Serigrafia,Plástico,90,40.0,50.0,76.74,0
Serigrafia,Plástico,417,40.0,50.0,262.37,0
Digital,Couché 150g,973,21.0,29.7,69.44,0
Serigrafia,Cartón,373,40.0,50.0,238.27,0
Plotter,Microperforado,1,152.35,414.9,102.2,0
Offset,Couché 300g,46095,70.0,100.0,298.95,0
Offset,Bond 90g,20459,70.0,100.0,189.43,0
Plotter,Microperforado,3,178.91,258.48,194.81,0
Digital,Bond 80g,230,21.0,29.7,43.16,1
Serigrafia,Plástico,367,40.0,50.0,252.72,0
Digital,Couché 150g,749,21.0,29.7,71.03,1
Offset,Couché 300g,15901,70.0,100.0,168.17,0
Plotter,Lona Banner,40,106.53,186.89,977.22,0
Offset,Couché 300g,12580,70.0,100.0,147.85,0
Digital,Cartulina Hilo,391,21.0,29.7,42.92,1
Serigrafia,Plástico,352,40.0,50.0,215.06,0
Serigrafia,Cartón,469,40.0,50.0,269.84,0
Offset,Folkote,20624,70.0,100.0,175.6,0
Digital,Couché 150g,355,21.0,29.7,54.09,1
Offset,Folkote,36517,70.0,100.0,251.88,0
Offset,Couché 300g,17589,70.0,100.0,170.29,0
Offset,Folkote,24736,70.0,100.0,206.51,0
Plotter,Lona Banner,36,296.21,389.41,5010.58,0
Digital,Bond 80g,262,21.0,29.7,26.38,0
Serigrafia,Plástico,321,40.0,50.0,206.92,0
Offset,Folkote,45602,70.0,100.0,317.98,0
Digital,Bond 80g,81,21.0,29.7,24.0,1
Digital,Bond 80g,492,21.0,29.7,50.93,1
Plotter,Microperforado,17,288.06,69.09,418.5,0
Offset,Couché 300g,28128,70.0,100.0,220.39,0
Serigrafia,Cartón,160,40.0,50.0,123.54,0
Serigrafia,Cartón,202,40.0,50.0,147.72,0
Digital,Bond 80g,802,21.0,29.7,54.51,0
Serigrafia,Tela,370,40.0,50.0,221.53,0
Digital,Couché 150g,130,21.0,29.7,36.89,1
Offset,Couché 300g,11728,70.0,100.0,121.58,0
Digital,Couché 150g,832,21.0,29.7,64.79,0
Digital,Cartulina Hilo,145,21.0,29.7,28.07,1
Offset,Couché 300g,20873,70.0,100.0,188.79,0
Plotter,Vinilo Adhesivo,41,98.81,205.4,1032.96,0
Plotter,Microperforado,12,217.76,245.9,808.87,0
Offset,Couché 300g,38055,70.0,100.0,241.36,0
Serigrafia,Plástico,320,40.0,50.0,204.25,0
Offset,Couché 300g,20555,70.0,100.0,184.73,0
Digital,Cartulina Hilo,963,21.0,29.7,81.64,1
Digital,Cartulina Hilo,418,21.0,29.7,45.3,1
Serigrafia,Cartón,437,40.0,50.0,268.05,0
Offset,Bond 90g,24255,70.0,100.0,205.18,0
Serigrafia,Tela,426,40.0,50.0,263.75,0
Digital,Bond 80g,994,21.0,29.7,51.37,0
Digital,Couché 150g,502,21.0,29.7,63.6,1
Serigrafia,Cartón,332,40.0,50.0,200.63,0
Offset,Bond 90g,49367,70.0,100.0,321.35,0
Plotter,Microperforado,35,288.12,152.03,1871.54,0
Serigrafia,Tela,144,40.0,50.0,119.3,0
Offset,Couché 300g,17835,70.0,100.0,149.28,0
Plotter,Lona Banner,22,218.18,408.51,2393.08,0
Serigrafia,Plástico,56,40.0,50.0,77.26,1
Digital,Bond 80g,675,21.0,29.7,56.92,1
Digital,Cartulina Hilo,833,21.0,29.7,66.92,0
Plotter,Microperforado,16,90.7,134.11,264.58,0
Serigrafia,Plástico,61,40.0,50.0,65.48,0
Plotter,Lona Banner,27,152.91,470.75,2351.26,0
Plotter,Lona Banner,5,233.17,232.04,349.27,0
Digital,Cartulina Hilo,68,21.0,29.7,11.33,0
Digital,Cartulina Hilo,775,21.0,29.7,59.43,0
Offset,Bond 90g,19990,70.0,100.0,173.32,0
Serigrafia,Plástico,216,40.0,50.0,154.6,0
Offset,Bond 90g,4765,70.0,100.0,103.84,0
Digital,Bond 80g,440,21.0,29.7,35.15,0
Digital,Bond 80g,452,21.0,29.7,52.81,1
Plotter,Vinilo Adhesivo,29,75.34,175.03,483.86,0
Digital,Couché 150g,618,21.0,29.7,39.22,0
Serigrafia,Plástico,441,40.0,50.0,265.83,0
Plotter,Lona Banner,17,75.78,296.5,480.78,0
Digital,Cartulina Hilo,461,21.0,29.7,63.19,1
Plotter,Microperforado,26,195.55,142.0,890.2,0
Serigrafia,Plástico,226,40.0,50.0,143.03,0
Digital,Cartulina Hilo,827,21.0,29.7,59.85,0
Digital,Couché 150g,147,21.0,29.7,14.88,0
Offset,Couché 300g,6755,70.0,100.0,107.49,0
Digital,Bond 80g,841,21.0,29.7,69.12,1
Plotter,Microperforado,43,198.84,127.45,1338.35,0
Plotter,Vinilo Adhesivo,47,287.86,183.78,3015.67,0
Offset,Bond 90g,30267,70.0,100.0,218.21,0
Offset,Bond 90g,37322,70.0,100.0,248.61,0
Offset,Bond 90g,20233,70.0,100.0,184.46,0
Plotter,Lona Banner,22,291.25,162.9,1294.47,0
Digital,Cartulina Hilo,609,21.0,29.7,65.59,1
Plotter,Vinilo Adhesivo,6,128.23,171.99,198.97,0
Plotter,Microperforado,1,79.27,252.09,56.69,1
Serigrafia,Plástico,358,40.0,50.0,221.85,0
Serigrafia,Tela,327,40.0,50.0,211.27,0
Offset,Bond 90g,28491,70.0,100.0,227.93,0
Serigrafia,Cartón,333,40.0,50.0,223.2,0
Offset,Couché 300g,38164,70.0,100.0,250.51,0
Serigrafia,Cartón,213,40.0,50.0,156.64,0
Serigrafia,Cartón,132,40.0,50.0,109.9,0
Digital,Bond 80g,286,21.0,29.7,44.27,1
Serigrafia,Cartón,95,40.0,50.0,98.15,0
Offset,Bond 90g,9367,70.0,100.0,111.64,0
Plotter,Vinilo Adhesivo,38,75.47,53.74,206.32,0
Serigrafia,Plástico,390,40.0,50.0,238.59,0
Offset,Bond 90g,30038,70.0,100.0,220.82,0
Serigrafia,Tela,122,40.0,50.0,89.93,0
Serigrafia,Tela,460,40.0,50.0,275.16,0
Digital,Bond 80g,834,21.0,29.7,65.83,0
Offset,Couché 300g,5138,70.0,100.0,87.77,0
Digital,Bond 80g,261,21.0,29.7,44.95,1
Serigrafia,Tela,217,40.0,50.0,164.09,0
Serigrafia,Plástico,160,40.0,50.0,130.12,0
Serigrafia,Plástico,485,40.0,50.0,280.51,0
Serigrafia,Tela,481,40.0,50.0,276.79,0
Serigrafia,Tela,339,40.0,50.0,213.83,0
Offset,Bond 90g,28586,70.0,100.0,210.77,0
Offset,Bond 90g,18568,70.0,100.0,162.04,0
Digital,Couché 150g,353,21.0,29.7,45.04,1
Offset,Folkote,27249,70.0,100.0,208.54,0
Plotter,Lona Banner,36,283.18,294.91,3646.69,0
Plotter,Vinilo Adhesivo,46,149.36,281.12,2357.59,0
Plotter,Microperforado,17,280.19,313.0,1811.56,0
Serigrafia,Cartón,394,40.0,50.0,250.53,0
Digital,Bond 80g,914,21.0,29.7,66.81,0
Digital,Cartulina Hilo,743,21.0,29.7,57.95,0
Plotter,Vinilo Adhesivo,43,209.49,425.14,4639.22,0
Plotter,Vinilo Adhesivo,40,160.64,342.2,2663.02,0
Digital,Couché 150g,188,21.0,29.7,43.0,1
Plotter,Vinilo Adhesivo,13,125.26,276.18,569.55,0
Serigrafia,Plástico,373,40.0,50.0,224.6,0
Serigrafia,Plástico,256,40.0,50.0,182.79,0
Plotter,Vinilo Adhesivo,38,213.79,167.11,1649.05,0
Offset,Couché 300g,32781,70.0,100.0,239.33,0
Digital,Bond 80g,763,21.0,29.7,53.11,0
Serigrafia,Tela,397,40.0,50.0,251.4,0
Offset,Couché 300g,36436,70.0,100.0,260.58,0
Offset,Bond 90g,48406,70.0,100.0,310.09,0
Plotter,Lona Banner,5,51.99,466.05,178.68,0
Offset,Couché 300g,36098,70.0,100.0,284.98,0
Digital,Cartulina Hilo,326,21.0,29.7,53.75,1
Offset,Couché 300g,33828,70.0,100.0,254.63,0
Offset,Folkote,7296,70.0,100.0,106.81,0
Plotter,Lona Banner,45,126.95,461.2,3190.42,0
Offset,Bond 90g,39889,70.0,100.0,277.72,0
Offset,Bond 90g,2200,70.0,100.0,93.08,1
Serigrafia,Tela,146,40.0,50.0,118.09,0
Digital,Cartulina Hilo,930,21.0,29.7,69.2,0
Serigrafia,Tela,158,40.0,50.0,115.49,0
Offset,Bond 90g,19978,70.0,100.0,177.97,0
Digital,Cartulina Hilo,310,21.0,29.7,18.93,0
Serigrafia,Tela,475,40.0,50.0,279.26,0
Offset,Folkote,25527,70.0,100.0,210.66,0
Offset,Couché 300g,17322,70.0,100.0,159.48,0
Offset,Couché 300g,47364,70.0,100.0,311.45,0
Offset,Bond 90g,28886,70.0,100.0,209.55,0
Plotter,Vinilo Adhesivo,46,146.2,270.22,2216.1,0
Plotter,Microperforado,45,91.32,50.9,290.75,0
Plotter,Vinilo Adhesivo,18,124.2,293.62,826.85,0
Digital,Cartulina Hilo,463,21.0,29.7,45.34,1
Digital,Cartulina Hilo,699,21.0,29.7,64.2,1
Offset,Folkote,48086,70.0,100.0,313.26,0
Plotter,Vinilo Adhesivo,9,102.97,189.95,238.16,0
Offset,Folkote,36062,70.0,100.0,247.16,0
Plotter,Microperforado,15,237.35,307.36,1334.13,0
Plotter,Microperforado,43,189.22,237.1,2358.39,0
Offset,Bond 90g,15665,70.0,100.0,130.02,0
Offset,Couché 300g,38865,70.0,100.0,269.33,0
Offset,Couché 300g,6618,70.0,100.0,95.12,0
Plotter,Vinilo Adhesivo,13,267.63,334.14,1414.91,0
Plotter,Vinilo Adhesivo,49,173.93,469.91,4836.53,0
Plotter,Lona Banner,39,85.71,361.43,1475.07,0
Serigrafia,Tela,354,40.0,50.0,209.16,0
Serigrafia,Cartón,56,40.0,50.0,78.37,1
Plotter,Lona Banner,43,67.26,263.41,957.58,0
Serigrafia,Cartón,256,40.0,50.0,170.37,0
Plotter,Microperforado,26,113.32,54.49,226.29,0
Digital,Cartulina Hilo,717,21.0,29.7,71.36,1
Plotter,Microperforado,29,255.35,429.5,3854.75,0
Digital,Couché 150g,548,21.0,29.7,48.52,0
Digital,Bond 80g,248,21.0,29.7,30.67,1
Plotter,Lona Banner,14,177.64,419.27,1277.1,0
Serigrafia,Plástico,188,40.0,50.0,113.7,0
Digital,Bond 80g,742,21.0,29.7,79.68,1
Serigrafia,Cartón,195,40.0,50.0,131.76,0
Serigrafia,Plástico,484,40.0,50.0,278.03,0
Digital,Cartulina Hilo,697,21.0,29.7,53.12,0
Serigrafia,Cartón,71,40.0,50.0,67.12,0
Offset,Folkote,39759,70.0,100.0,272.92,0
Plotter,Microperforado,36,261.98,295.51,3374.14,0
Plotter,Microperforado,13,250.95,245.06,992.95,0
Serigrafia,Plástico,497,40.0,50.0,285.99,0
Serigrafia,Cartón,255,40.0,50.0,171.56,0
Serigrafia,Tela,369,40.0,50.0,244.96,0
Digital,Cartulina Hilo,693,21.0,29.7,67.76,1
Serigrafia,Cartón,109,40.0,50.0,108.47,0
Offset,Folkote,44626,70.0,100.0,310.88,0
Plotter,Lona Banner,32,52.09,147.95,323.85,0
Plotter,Microperforado,28,208.0,92.92,700.47,0
Offset,Bond 90g,45535,70.0,100.0,295.33,0
Offset,Bond 90g,22639,70.0,100.0,189.01,0
Digital,Bond 80g,250,21.0,29.7,51.47,1
Digital,Bond 80g,478,21.0,29.7,53.05,1
Serigrafia,Tela,367,40.0,50.0,229.34,0
Digital,Cartulina Hilo,770,21.0,29.7,77.6,1
Offset,Folkote,45386,70.0,100.0,312.67,0
Plotter,Vinilo Adhesivo,29,146.66,348.12,1821.91,0
Plotter,Lona Banner,28,147.69,121.41,638.85,0
Digital,Cartulina Hilo,838,21.0,29.7,52.24,0
Digital,Bond 80g,625,21.0,29.7,61.55,1
Serigrafia,Plástico,294,40.0,50.0,196.12,0
Offset,Folkote,27069,70.0,100.0,202.41,0
Serigrafia,Cartón,494,40.0,50.0,302.61,0
Offset,Bond 90g,40178,70.0,100.0,267.41,0
Plotter,Microperforado,40,199.94,437.68,4224.02,0
Offset,Couché 300g,11973,70.0,100.0,135.02,0
Offset,Couché 300g,37046,70.0,100.0,269.25,0
Offset,Couché 300g,22839,70.0,100.0,191.42,0
Digital,Couché 150g,445,21.0,29.7,42.46,1
Serigrafia,Tela,420,40.0,50.0,260.11,0
Offset,Folkote,32455,70.0,100.0,247.58,0
Plotter,Vinilo Adhesivo,49,117.99,361.56,2539.35,0
Plotter,Lona Banner,30,106.26,287.93,1130.9,0
Offset,Bond 90g,23495,70.0,100.0,198.45,0
Serigrafia,Tela,318,40.0,50.0,194.52,0
Plotter,Vinilo Adhesivo,27,198.83,169.09,1129.69,0
Digital,Couché 150g,437,21.0,29.7,52.22,1
Digital,Bond 80g,529,21.0,29.7,44.48,0
Offset,Folkote,26939,70.0,100.0,215.52,0
Plotter,Vinilo Adhesivo,37,236.96,117.77,1267.2,0
Offset,Couché 300g,2093,70.0,100.0,70.59,0
Plotter,Microperforado,21,272.12,420.95,2926.37,0
Serigrafia,Cartón,225,40.0,50.0,161.06,0
Offset,Folkote,3103,70.0,100.0,91.19,0
Plotter,Vinilo Adhesivo,29,159.1,350.05,1953.85,0
Plotter,Lona Banner,18,261.22,162.05,937.28,0
Digital,Couché 150g,737,21.0,29.7,63.1,1
Digital,Cartulina Hilo,76,21.0,29.7,36.37,1
Plotter,Lona Banner,10,51.43,259.62,196.35,0
Digital,Couché 150g,400,21.0,29.7,44.03,1
Digital,Bond 80g,930,21.0,29.7,66.46,0
Plotter,Vinilo Adhesivo,35,55.61,212.19,528.91,0
Plotter,Vinilo Adhesivo,48,128.05,57.08,465.35,0
Plotter,Lona Banner,31,241.09,330.68,2999.61,0
Plotter,Microperforado,35,284.6,236.67,2869.87,0
Offset,Folkote,28772,70.0,100.0,235.2,0
Serigrafia,Tela,110,40.0,50.0,117.55,1
Offset,Bond 90g,6660,70.0,100.0,104.79,0
Offset,Folkote,34340,70.0,100.0,262.33,0
Serigrafia,Tela,476,40.0,50.0,299.52,0
Digital,Bond 80g,904,21.0,29.7,88.94,1
Plotter,Vinilo Adhesivo,24,144.78,217.17,950.7,0
Plotter,Vinilo Adhesivo,5,298.91,491.5,925.0,0
Plotter,Microperforado,4,265.26,257.53,357.96,0
Plotter,Microperforado,32,163.69,353.65,2260.13,0
Plotter,Lona Banner,18,77.52,466.27,805.5,0
Serigrafia,Tela,108,40.0,50.0,100.53,0
Offset,Couché 300g,33254,70.0,100.0,257.35,0
Digital,Cartulina Hilo,888,21.0,29.7,72.95,1
Offset,Folkote,40104,70.0,100.0,281.15,0
Offset,Bond 90g,10941,70.0,100.0,120.91,0
Plotter,Microperforado,47,163.23,476.93,4422.38,0
Plotter,Microperforado,33,202.42,364.84,2950.53,0
Plotter,Microperforado,12,163.72,358.57,877.76,0
Digital,Couché 150g,139,21.0,29.7,39.13,1
Plotter,Lona Banner,30,270.4,313.02,3081.6,0
Plotter,Lona Banner,26,235.14,92.71,720.56,0
Digital,Cartulina Hilo,860,21.0,29.7,59.93,0
Plotter,Microperforado,20,270.24,447.31,2929.7,0
Offset,Couché 300g,14117,70.0,100.0,146.0,0
Digital,Bond 80g,288,21.0,29.7,65.03,1
Serigrafia,Cartón,489,40.0,50.0,295.8,0
Plotter,Microperforado,24,271.15,106.35,852.44,0
Digital,Couché 150g,228,21.0,29.7,39.29,1
Offset,Bond 90g,34998,70.0,100.0,250.74,0
Digital,Cartulina Hilo,656,21.0,29.7,53.36,0
Serigrafia,Cartón,429,40.0,50.0,262.79,0
Plotter,Microperforado,39,158.85,228.18,1733.63,0
Plotter,Lona Banner,29,71.28,223.52,587.57,0
Serigrafia,Plástico,483,40.0,50.0,274.56,0
Digital,Couché 150g,812,21.0,29.7,62.59,0
Offset,Couché 300g,27899,70.0,100.0,213.38,0
Digital,Bond 80g,133,21.0,29.7,23.94,1
Serigrafia,Tela,436,40.0,50.0,258.89,0
Plotter,Microperforado,8,104.93,59.23,84.83,0
Plotter,Microperforado,10,114.12,209.89,312.87,0
Offset,Bond 90g,45825,70.0,100.0,305.94,0
Serigrafia,Cartón,135,40.0,50.0,114.49,0
Serigrafia,Cartón,215,40.0,50.0,155.37,0
Serigrafia,Cartón,432,40.0,50.0,269.51,0
Offset,Folkote,24741,70.0,100.0,213.71,0
Digital,Bond 80g,502,21.0,29.7,65.22,1
Offset,Folkote,20583,70.0,100.0,176.76,0
Serigrafia,Plástico,287,40.0,50.0,189.66,0
Digital,Bond 80g,114,21.0,29.7,29.69,1
Plotter,Lona Banner,31,126.62,420.07,2007.42,0
Plotter,Vinilo Adhesivo,9,97.68,206.18,241.15,0
Offset,Folkote,29018,70.0,100.0,221.83,0
Offset,Couché 300g,36871,70.0,100.0,248.96,0
Offset,Bond 90g,36208,70.0,100.0,230.61,0
Offset,Folkote,15536,70.0,100.0,172.55,0
Digital,Cartulina Hilo,496,21.0,29.7,68.23,1
Offset,Folkote,7587,70.0,100.0,118.8,0
Plotter,Microperforado,7,79.25,409.87,306.6,0
Serigrafia,Plástico,236,40.0,50.0,155.91,0
Digital,Couché 150g,394,21.0,29.7,53.95,1
Serigrafia,Tela,414,40.0,50.0,252.32,0
Serigrafia,Plástico,386,40.0,50.0,238.43,0
Plotter,Vinilo Adhesivo,13,194.83,270.33,865.07,0
Digital,Bond 80g,656,21.0,29.7,61.74,1
Digital,Bond 80g,121,21.0,29.7,30.24,1
Digital,Bond 80g,842,21.0,29.7,58.32,0
Plotter,Vinilo Adhesivo,38,263.68,124.39,1535.19,0
Digital,Couché 150g,500,21.0,29.7,43.92,0
Serigrafia,Cartón,275,40.0,50.0,177.11,0
Digital,Couché 150g,769,21.0,29.7,67.25,1
Offset,Folkote,7855,70.0,100.0,112.37,0
Plotter,Microperforado,8,142.79,403.54,580.13,0
Plotter,Vinilo Adhesivo,31,193.31,201.94,1489.55,0
Plotter,Lona Banner,25,56.31,163.69,331.31,0
Serigrafia,Plástico,432,40.0,50.0,283.67,0
Serigrafia,Plástico,455,40.0,50.0,279.2,0
Serigrafia,Tela,475,40.0,50.0,296.16,0
Digital,Bond 80g,675,21.0,29.7,57.28,1
Serigrafia,Tela,386,40.0,50.0,232.67,0
Serigrafia,Tela,487,40.0,50.0,292.36,0
Serigrafia,Plástico,322,40.0,50.0,189.35,0
Offset,Folkote,17279,70.0,100.0,169.69,0
Plotter,Microperforado,45,286.17,324.47,5043.81,0
Digital,Bond 80g,364,21.0,29.7,46.12,1
Digital,Cartulina Hilo,984,21.0,29.7,72.33,0
Plotter,Vinilo Adhesivo,37,166.57,392.26,2930.67,0
Offset,Couché 300g,34489,70.0,100.0,235.31,0
Plotter,Lona Banner,17,226.02,470.83,2215.52,0
Digital,Couché 150g,387,21.0,29.7,35.63,0
Serigrafia,Tela,318,40.0,50.0,215.31,0
Serigrafia,Cartón,161,40.0,50.0,133.0,0
Offset,Bond 90g,14878,70.0,100.0,137.21,0
Serigrafia,Cartón,192,40.0,50.0,147.54,0
Offset,Couché 300g,30896,70.0,100.0,244.82,0
Digital,Bond 80g,614,21.0,29.7,53.92,1
Plotter,Microperforado,23,206.58,175.31,1021.79,0
Plotter,Lona Banner,32,62.4,376.07,938.11,0
Digital,Cartulina Hilo,953,21.0,29.7,64.5,0
Plotter,Vinilo Adhesivo,1,202.69,139.93,58.57,0
Serigrafia,Tela,420,40.0,50.0,249.65,0
Plotter,Lona Banner,17,102.7,300.41,662.93,0
Offset,Folkote,10940,70.0,100.0,137.13,0
Offset,Bond 90g,38253,70.0,100.0,267.4,0
Offset,Folkote,46397,70.0,100.0,307.97,0
Plotter,Vinilo Adhesivo,41,120.7,238.36,1458.46,0
Serigrafia,Tela,393,40.0,50.0,246.55,0
Offset,Folkote,38531,70.0,100.0,269.61,0
Offset,Bond 90g,11234,70.0,100.0,146.95,0
Serigrafia,Tela,77,40.0,50.0,93.35,1
Serigrafia,Tela,499,40.0,50.0,308.33,0
Plotter,Lona Banner,4,137.6,460.82,350.97,0
Plotter,Microperforado,36,290.84,54.63,726.27,0
Offset,Bond 90g,39134,70.0,100.0,281.05,0
Offset,Bond 90g,28323,70.0,100.0,210.58,0
Plotter,Microperforado,28,115.26,204.52,819.79,0
Serigrafia,Cartón,345,40.0,50.0,220.79,0
Digital,Couché 150g,521,21.0,29.7,51.33,1
Serigrafia,Tela,257,40.0,50.0,159.62,0
Plotter,Lona Banner,27,73.09,123.26,319.71,0
Plotter,Microperforado,12,118.24,203.64,385.21,0
Offset,Couché 300g,6698,70.0,100.0,107.44,0
Serigrafia,Tela,299,40.0,50.0,197.14,0
Plotter,Microperforado,40,194.47,456.96,4302.85,0
Digital,Cartulina Hilo,54,21.0,29.7,25.74,1
Serigrafia,Cartón,154,40.0,50.0,136.79,0
Plotter,Microperforado,44,152.8,231.08,1891.63,0
Serigrafia,Plástico,232,40.0,50.0,166.94,0
Offset,Couché 300g,7511,70.0,100.0,104.31,0
Offset,Folkote,5765,70.0,100.0,97.74,0
Digital,Cartulina Hilo,948,21.0,29.7,64.04,0
Offset,Couché 300g,6552,70.0,100.0,88.91,0
Digital,Couché 150g,677,21.0,29.7,62.38,1
Serigrafia,Cartón,421,40.0,50.0,249.8,0
Digital,Bond 80g,343,21.0,29.7,45.34,1
Serigrafia,Plástico,415,40.0,50.0,253.79,0
Digital,Bond 80g,997,21.0,29.7,82.61,1
Offset,Folkote,10175,70.0,100.0,139.6,0
Digital,Bond 80g,938,21.0,29.7,55.87,0
Plotter,Lona Banner,43,135.99,379.85,2683.27,0
Serigrafia,Plástico,140,40.0,50.0,134.09,1
Serigrafia,Cartón,89,40.0,50.0,97.6,1
Serigrafia,Plástico,291,40.0,50.0,197.15,0
Digital,Cartulina Hilo,761,21.0,29.7,63.96,1
Offset,Folkote,5298,70.0,100.0,100.26,0
Digital,Bond 80g,286,21.0,29.7,40.23,1
Serigrafia,Tela,230,40.0,50.0,149.72,0
Digital,Bond 80g,286,21.0,29.7,38.33,1
Offset,Folkote,46925,70.0,100.0,324.79,0
Digital,Couché 150g,749,21.0,29.7,68.47,1
Serigrafia,Tela,356,40.0,50.0,227.23,0
Serigrafia,Cartón,381,40.0,50.0,256.31,0
Plotter,Lona Banner,39,93.13,305.59,1365.26,0
Plotter,Lona Banner,28,295.89,166.85,1687.28,0
Digital,Bond 80g,784,21.0,29.7,57.22,0
Digital,Cartulina Hilo,723,21.0,29.7,68.72,1
Serigrafia,Cartón,296,40.0,50.0,177.95,0
Digital,Bond 80g,662,21.0,29.7,59.36,1
Offset,Couché 300g,11350,70.0,100.0,120.99,0
Plotter,Microperforado,42,139.8,420.6,2995.76,0
Serigrafia,Cartón,258,40.0,50.0,169.12,0
Plotter,Lona Banner,17,132.04,144.08,422.3,0
Digital,Couché 150g,706,21.0,29.7,55.89,0
Plotter,Microperforado,45,260.23,149.56,2142.03,0
Plotter,Lona Banner,47,84.9,309.41,1519.08,0
Plotter,Vinilo Adhesivo,31,125.82,469.65,2235.21,0
Offset,Bond 90g,29677,70.0,100.0,218.05,0
Plotter,Lona Banner,23,182.89,64.7,358.84,0
Offset,Folkote,45036,70.0,100.0,289.24,0
Offset,Folkote,3618,70.0,100.0,84.87,0
Offset,Folkote,31143,70.0,100.0,215.36,0
Digital,Bond 80g,298,21.0,29.7,50.81,1
Plotter,Microperforado,14,261.22,150.79,692.5,0
Digital,Bond 80g,624,21.0,29.7,40.1,0
Offset,Folkote,25042,70.0,100.0,200.97,0
Plotter,Vinilo Adhesivo,35,138.67,297.8,1762.58,0
Digital,Couché 150g,977,21.0,29.7,67.48,0
Digital,Bond 80g,376,21.0,29.7,25.22,0
Serigrafia,Cartón,412,40.0,50.0,250.36,0
Digital,Bond 80g,213,21.0,29.7,40.95,1
Serigrafia,Tela,190,40.0,50.0,163.33,1
Digital,Couché 150g,982,21.0,29.7,93.65,1
Digital,Couché 150g,929,21.0,29.7,64.39,0
Plotter,Microperforado,40,89.2,422.29,1828.7,0
Serigrafia,Tela,239,40.0,50.0,160.12,0
Offset,Folkote,49991,70.0,100.0,319.57,0
Plotter,Microperforado,45,227.53,93.08,1164.84,0
Digital,Bond 80g,825,21.0,29.7,55.1,0
Plotter,Vinilo Adhesivo,7,283.58,462.39,1145.13,0
Plotter,Lona Banner,35,72.84,191.67,630.7,0
Serigrafia,Tela,419,40.0,50.0,247.17,0
Serigrafia,Tela,109,40.0,50.0,117.68,1
Digital,Bond 80g,659,21.0,29.7,54.96,0
Offset,Couché 300g,11589,70.0,100.0,135.69,0
Digital,Cartulina Hilo,951,21.0,29.7,75.09,1
Serigrafia,Tela,55,40.0,50.0,68.78,0
Offset,Couché 300g,42247,70.0,100.0,270.56,0
Plotter,Vinilo Adhesivo,32,118.6,455.71,2101.21,0
Serigrafia,Plástico,55,40.0,50.0,70.24,0
Digital,Bond 80g,884,21.0,29.7,68.34,0
Serigrafia,Cartón,155,40.0,50.0,121.56,0
Digital,Cartulina Hilo,858,21.0,29.7,72.1,1
Digital,Cartulina Hilo,950,21.0,29.7,75.21,1
Digital,Bond 80g,340,21.0,29.7,45.02,1
Offset,Couché 300g,41469,70.0,100.0,279.24,0
Serigrafia,Plástico,296,40.0,50.0,183.31,0
Plotter,Vinilo Adhesivo,11,163.6,401.09,872.78,0
Plotter,Vinilo Adhesivo,41,99.52,79.56,405.91,0
Offset,Couché 300g,17508,70.0,100.0,155.39,0
Offset,Folkote,47335,70.0,100.0,301.39,0
Serigrafia,Cartón,264,40.0,50.0,165.38,0
Serigrafia,Cartón,286,40.0,50.0,185.17,0
Serigrafia,Plástico,297,40.0,50.0,208.46,0
Digital,Bond 80g,767,21.0,29.7,58.59,0
Serigrafia,Tela,363,40.0,50.0,237.33,0
Serigrafia,Plástico,74,40.0,50.0,76.34,0
Plotter,Lona Banner,14,89.91,201.03,333.25,0
Digital,Bond 80g,646,21.0,29.7,56.67,1
Offset,Folkote,7548,70.0,100.0,111.55,0
Digital,Bond 80g,770,21.0,29.7,66.24,1
Plotter,Lona Banner,2,281.62,238.83,172.33,0
Serigrafia,Cartón,236,40.0,50.0,176.18,0
Offset,Folkote,2881,70.0,100.0,78.41,0
Offset,Bond 90g,36113,70.0,100.0,247.44,0
Serigrafia,Tela,125,40.0,50.0,117.08,0
Plotter,Lona Banner,2,65.47,290.92,56.05,0
Plotter,Lona Banner,15,117.87,456.91,1007.9,0
Serigrafia,Tela,429,40.0,50.0,238.23,0
Plotter,Microperforado,12,152.62,123.5,294.43,0
Digital,Couché 150g,853,21.0,29.7,56.98,0
Serigrafia,Tela,57,40.0,50.0,53.65,0
Plotter,Vinilo Adhesivo,12,121.83,175.89,332.47,0
Digital,Bond 80g,831,21.0,29.7,37.48,0
Digital,Bond 80g,244,21.0,29.7,33.45,1
Serigrafia,Tela,448,40.0,50.0,275.73,0
Offset,Bond 90g,25338,70.0,100.0,177.99,0
Plotter,Vinilo Adhesivo,13,193.0,412.44,1265.72,0
Digital,Bond 80g,709,21.0,29.7,65.01,1
Plotter,Microperforado,25,117.04,212.48,793.08,0
Digital,Cartulina Hilo,999,21.0,29.7,66.3,0
Serigrafia,Plástico,405,40.0,50.0,229.74,0
Plotter,Lona Banner,34,98.36,338.68,1398.4,0
Plotter,Lona Banner,29,136.2,201.79,979.1,0
Offset,Folkote,32730,70.0,100.0,234.98,0
Offset,Folkote,15226,70.0,100.0,159.75,0
Offset,Couché 300g,37174,70.0,100.0,264.28,0
Offset,Bond 90g,42107,70.0,100.0,295.32,0
Plotter,Lona Banner,18,61.32,345.37,492.7,0
Digital,Cartulina Hilo,636,21.0,29.7,70.81,1
Plotter,Lona Banner,29,297.44,63.51,675.96,0
Plotter,Microperforado,9,89.05,494.79,514.79,0
Offset,Bond 90g,36230,70.0,100.0,274.45,0
Serigrafia,Plástico,388,40.0,50.0,222.15,0
Digital,Bond 80g,243,21.0,29.7,16.5,0
Offset,Folkote,36131,70.0,100.0,255.75,0
Plotter,Lona Banner,16,100.38,470.49,957.84,0
Digital,Couché 150g,156,21.0,29.7,26.22,1
Offset,Bond 90g,27627,70.0,100.0,209.21,0
Offset,Folkote,47489,70.0,100.0,295.75,0
Plotter,Lona Banner,17,272.48,496.38,2790.77,0
Serigrafia,Plástico,370,40.0,50.0,241.77,0
Digital,Bond 80g,760,21.0,29.7,69.37,1
Serigrafia,Cartón,435,40.0,50.0,265.34,0
Plotter,Lona Banner,19,81.49,490.62,966.51,0
Digital,Couché 150g,220,21.0,29.7,25.94,0
Serigrafia,Tela,145,40.0,50.0,114.06,0
Serigrafia,Tela,430,40.0,50.0,266.84,0
Digital,Bond 80g,786,21.0,29.7,63.75,0
Digital,Cartulina Hilo,894,21.0,29.7,82.09,1
Plotter,Vinilo Adhesivo,47,64.99,108.94,442.39,0
Offset,Bond 90g,41469,70.0,100.0,286.05,0
Offset,Bond 90g,30978,70.0,100.0,222.95,0
Plotter,Lona Banner,41,299.23,132.55,1965.51,0
Plotter,Vinilo Adhesivo,9,166.33,56.16,147.82,0
Serigrafia,Cartón,401,40.0,50.0,249.83,0
Serigrafia,Cartón,88,40.0,50.0,92.88,0
Offset,Folkote,22057,70.0,100.0,199.72,0
Plotter,Microperforado,24,173.15,335.04,1678.66,0
Digital,Cartulina Hilo,618,21.0,29.7,57.75,1
Digital,Cartulina Hilo,174,21.0,29.7,43.08,1
Plotter,Vinilo Adhesivo,39,175.07,81.23,697.48,0
Plotter,Lona Banner,14,250.05,438.35,1863.49,0
Plotter,Microperforado,22,85.82,371.62,874.26,0
Offset,Couché 300g,12087,70.0,100.0,116.86,0
Serigrafia,Tela,494,40.0,50.0,293.11,0
Digital,Couché 150g,978,21.0,29.7,75.42,0
Plotter,Lona Banner,45,219.91,475.67,5669.75,0
Plotter,Lona Banner,4,131.46,107.5,90.71,0
Digital,Bond 80g,792,21.0,29.7,76.25,1
Offset,Couché 300g,19748,70.0,100.0,161.28,0
Digital,Couché 150g,760,21.0,29.7,65.02,1
Offset,Folkote,26256,70.0,100.0,203.87,0
Offset,Folkote,31005,70.0,100.0,232.34,0
Offset,Bond 90g,44116,70.0,100.0,302.04,0
Serigrafia,Tela,332,40.0,50.0,226.35,0
Offset,Couché 300g,23394,70.0,100.0,185.4,0
Serigrafia,Tela,255,40.0,50.0,163.34,0
Serigrafia,Tela,132,40.0,50.0,124.55,0
Offset,Folkote,38997,70.0,100.0,270.23,0
Plotter,Lona Banner,40,273.6,420.62,5550.97,0
Serigrafia,Tela,182,40.0,50.0,127.38,0
Offset,Couché 300g,41542,70.0,100.0,283.01,0
Offset,Bond 90g,21245,70.0,100.0,175.82,0
Digital,Couché 150g,690,21.0,29.7,46.04,0
Offset,Folkote,33467,70.0,100.0,234.38,0
Digital,Bond 80g,577,21.0,29.7,52.01,1
Plotter,Lona Banner,35,272.83,258.72,2991.98,0
Digital,Couché 150g,178,21.0,29.7,13.94,0
Serigrafia,Tela,386,40.0,50.0,249.47,0
Offset,Folkote,5103,70.0,100.0,100.17,0
Serigrafia,Plástico,78,40.0,50.0,74.14,0
Digital,Couché 150g,237,21.0,29.7,51.04,1
Digital,Couché 150g,724,21.0,29.7,53.31,0
Digital,Couché 150g,261,21.0,29.7,41.51,1
Plotter,Vinilo Adhesivo,45,114.19,411.84,2570.62,0
Serigrafia,Cartón,446,40.0,50.0,266.29,0
Plotter,Lona Banner,22,126.88,271.42,932.84,0
Digital,Cartulina Hilo,249,21.0,29.7,44.49,1
Serigrafia,Plástico,347,40.0,50.0,200.43,0
Digital,Bond 80g,968,21.0,29.7,75.36,0
Digital,Bond 80g,348,21.0,29.7,51.61,1
Digital,Bond 80g,489,21.0,29.7,41.91,0
Serigrafia,Tela,260,40.0,50.0,167.49,0
Serigrafia,Cartón,316,40.0,50.0,202.55,0
Offset,Bond 90g,11905,70.0,100.0,138.33,0
Plotter,Lona Banner,34,174.53,360.19,2593.09,0
Digital,Bond 80g,991,21.0,29.7,91.45,1
Serigrafia,Cartón,269,40.0,50.0,190.39,0
Digital,Bond 80g,626,21.0,29.7,56.69,1
Plotter,Microperforado,47,141.21,338.43,2729.4,0
Plotter,Microperforado,4,97.48,365.78,180.9,0
Digital,Bond 80g,678,21.0,29.7,66.99,1
Plotter,Vinilo Adhesivo,37,55.23,192.1,490.83,0
Digital,Bond 80g,679,21.0,29.7,71.25,1
Serigrafia,Tela,309,40.0,50.0,213.76,0
Offset,Folkote,25941,70.0,100.0,198.91,0
Plotter,Vinilo Adhesivo,11,142.51,297.71,583.48,0
Plotter,Lona Banner,43,292.33,220.03,3359.38,0
Offset,Couché 300g,43037,70.0,100.0,282.12,0
Digital,Bond 80g,831,21.0,29.7,65.92,0
Plotter,Microperforado,14,65.28,274.69,334.31,0
Serigrafia,Cartón,407,40.0,50.0,248.2,0
Plotter,Vinilo Adhesivo,42,203.49,327.39,3365.14,0
Digital,Couché 150g,369,21.0,29.7,34.1,0
Digital,Cartulina Hilo,136,21.0,29.7,47.62,1
Offset,Bond 90g,43832,70.0,100.0,288.32,0
Serigrafia,Tela,259,40.0,50.0,169.3,0
Digital,Couché 150g,490,21.0,29.7,44.58,0
Digital,Couché 150g,440,21.0,29.7,37.03,0
Digital,Couché 150g,869,21.0,29.7,69.1,0
Offset,Bond 90g,36328,70.0,100.0,261.47,0
Offset,Bond 90g,2539,70.0,100.0,78.42,0
Plotter,Microperforado,17,204.99,364.19,1545.29,0
Offset,Bond 90g,33263,70.0,100.0,238.7,0
Offset,Bond 90g,29412,70.0,100.0,213.5,0
Serigrafia,Cartón,293,40.0,50.0,181.22,0
Serigrafia,Plástico,172,40.0,50.0,139.81,0
Serigrafia,Cartón,426,40.0,50.0,274.94,0
Offset,Folkote,49785,70.0,100.0,334.55,0
Offset,Folkote,45062,70.0,100.0,301.99,0
Digital,Bond 80g,309,21.0,29.7,45.33,1
Digital,Bond 80g,991,21.0,29.7,98.17,1
Serigrafia,Cartón,481,40.0,50.0,297.52,0
Plotter,Lona Banner,30,128.75,406.13,1915.64,0
Digital,Bond 80g,317,21.0,29.7,45.76,1
Plotter,Microperforado,7,219.62,195.39,396.17,0
Offset,Bond 90g,11073,70.0,100.0,134.72,0
Offset,Couché 300g,11846,70.0,100.0,108.91,0
Plotter,Lona Banner,37,52.62,452.78,1091.9,0
Digital,Cartulina Hilo,911,21.0,29.7,65.66,0
Digital,Cartulina Hilo,204,21.0,29.7,43.61,1
Offset,Bond 90g,43742,70.0,100.0,290.15,0
Serigrafia,Tela,78,40.0,50.0,77.25,0
Digital,Bond 80g,320,21.0,29.7,36.97,1
Offset,Folkote,46825,70.0,100.0,296.48,0
Plotter,Microperforado,18,199.87,456.08,2014.24,0
Offset,Folkote,27347,70.0,100.0,215.38,0
Offset,Bond 90g,33698,70.0,100.0,245.75,0
Offset,Folkote,16966,70.0,100.0,164.09,0
Serigrafia,Cartón,259,40.0,50.0,178.68,0
Offset,Folkote,28843,70.0,100.0,230.63,0
Plotter,Microperforado,22,104.54,470.92,1324.12,0
Offset,Couché 300g,27025,70.0,100.0,214.79,0
Offset,Bond 90g,10782,70.0,100.0,142.37,0
Serigrafia,Plástico,300,40.0,50.0,195.52,0
Serigrafia,Plástico,461,40.0,50.0,281.27,0
Plotter,Lona Banner,32,105.12,331.54,1355.45,0
Plotter,Microperforado,32,256.21,404.48,4012.48,0
Plotter,Vinilo Adhesivo,32,259.31,294.35,2975.3,0
Offset,Bond 90g,27478,70.0,100.0,197.96,0
Plotter,Lona Banner,3,96.11,141.03,73.42,0
Serigrafia,Plástico,160,40.0,50.0,123.64,0
Plotter,Vinilo Adhesivo,38,177.93,267.48,2211.1,0
Offset,Folkote,9531,70.0,100.0,118.89,0
Plotter,Lona Banner,47,176.42,77.92,806.58,0
Offset,Bond 90g,39220,70.0,100.0,263.75,0
Offset,Couché 300g,7477,70.0,100.0,114.14,0
Offset,Folkote,15308,70.0,100.0,138.17,0
Serigrafia,Plástico,477,40.0,50.0,278.62,0
Serigrafia,Plástico,355,40.0,50.0,230.71,0
Serigrafia,Plástico,61,40.0,50.0,83.35,1
Digital,Couché 150g,469,21.0,29.7,59.61,1
Plotter,Microperforado,23,297.38,357.94,2977.61,0
Offset,Folkote,28281,70.0,100.0,195.35,0
Plotter,Lona Banner,28,210.45,234.85,1664.32,0
Plotter,Lona Banner,20,194.9,60.0,307.42,0
Plotter,Vinilo Adhesivo,34,60.36,485.51,1230.89,0
Digital,Cartulina Hilo,536,21.0,29.7,52.37,1
Digital,Cartulina Hilo,655,21.0,29.7,44.89,0
Offset,Folkote,46203,70.0,100.0,305.64,0
Offset,Bond 90g,2141,70.0,100.0,73.09,0
Serigrafia,Tela,350,40.0,50.0,225.07,0
Serigrafia,Tela,419,40.0,50.0,265.65,0
Digital,Bond 80g,163,21.0,29.7,26.5,1
Plotter,Lona Banner,47,137.48,402.09,3148.32,0
Offset,Folkote,10643,70.0,100.0,128.73,0
Serigrafia,Plástico,265,40.0,50.0,162.23,0
Digital,Couché 150g,936,21.0,29.7,54.78,0
Offset,Couché 300g,7869,70.0,100.0,119.35,0
Serigrafia,Tela,387,40.0,50.0,233.16,0
Plotter,Vinilo Adhesivo,12,232.72,239.0,842.95,0
Plotter,Lona Banner,49,289.3,450.56,7697.25,0
Offset,Folkote,33894,70.0,100.0,257.27,0
Offset,Folkote,16997,70.0,100.0,137.82,0
Digital,Cartulina Hilo,392,21.0,29.7,37.93,0
Serigrafia,Cartón,77,40.0,50.0,84.54,0
Offset,Bond 90g,46039,70.0,100.0,287.89,0
Digital,Couché 150g,134,21.0,29.7,50.53,1
Digital,Bond 80g,970,21.0,29.7,55.96,0
Digital,Couché 150g,676,21.0,29.7,47.85,0
Plotter,Lona Banner,23,170.95,238.28,1165.67,0
Serigrafia,Tela,392,40.0,50.0,223.67,0
Offset,Couché 300g,20680,70.0,100.0,167.33,0
Offset,Folkote,35650,70.0,100.0,258.98,0
Serigrafia,Tela,350,40.0,50.0,214.63,0
Plotter,Microperforado,7,245.05,303.75,662.42,0
Digital,Bond 80g,695,21.0,29.7,71.59,1
Digital,Bond 80g,874,21.0,29.7,60.5,0
Plotter,Microperforado,31,98.94,280.93,1062.26,0
Serigrafia,Cartón,197,40.0,50.0,132.87,0
Plotter,Lona Banner,37,277.99,77.42,976.27,0
Serigrafia,Plástico,107,40.0,50.0,104.18,0
Serigrafia,Cartón,346,40.0,50.0,199.6,0
Serigrafia,Cartón,87,40.0,50.0,88.18,0
Digital,Bond 80g,951,21.0,29.7,73.19,0
Serigrafia,Tela,217,40.0,50.0,149.9,0
Serigrafia,Cartón,308,40.0,50.0,197.87,0
Plotter,Vinilo Adhesivo,24,57.73,371.49,634.68,0
Digital,Bond 80g,933,21.0,29.7,77.44,1
Offset,Couché 300g,23499,70.0,100.0,167.39,0
Digital,Bond 80g,202,21.0,29.7,44.46,1
Digital,Bond 80g,787,21.0,29.7,66.2,1
Offset,Folkote,1220,70.0,100.0,78.13,0
Offset,Bond 90g,8349,70.0,100.0,129.86,0
Serigrafia,Plástico,378,40.0,50.0,221.3,0
Serigrafia,Cartón,467,40.0,50.0,281.37,0
Serigrafia,Plástico,385,40.0,50.0,231.21,0
Offset,Bond 90g,16905,70.0,100.0,152.03,0
Plotter,Vinilo Adhesivo,25,188.78,314.6,1830.92,0
Digital,Bond 80g,97,21.0,29.7,17.62,0
Digital,Couché 150g,540,21.0,29.7,37.11,0
Serigrafia,Cartón,493,40.0,50.0,292.44,0
Offset,Bond 90g,28223,70.0,100.0,228.51,0
Serigrafia,Plástico,64,40.0,50.0,73.04,0
Digital,Bond 80g,565,21.0,29.7,66.62,1
Serigrafia,Tela,186,40.0,50.0,149.83,0
Plotter,Microperforado,26,283.19,59.06,574.88,0
Serigrafia,Cartón,195,40.0,50.0,127.71,0
Offset,Bond 90g,18006,70.0,100.0,169.83,0
Plotter,Vinilo Adhesivo,42,233.98,143.78,1727.52,0
Serigrafia,Tela,154,40.0,50.0,125.36,0
Offset,Couché 300g,39498,70.0,100.0,270.22,0
Plotter,Lona Banner,37,84.53,436.6,1689.14,0
Offset,Folkote,30769,70.0,100.0,228.85,0
Plotter,Vinilo Adhesivo,9,240.0,190.67,510.72,0
Offset,Folkote,14798,70.0,100.0,144.84,0
Serigrafia,Plástico,390,40.0,50.0,238.21,0
Plotter,Lona Banner,5,241.46,361.25,557.33,0
Plotter,Lona Banner,20,148.39,108.82,429.5,0
Digital,Cartulina Hilo,920,21.0,29.7,79.95,1
Serigrafia,Cartón,269,40.0,50.0,179.72,0
Digital,Cartulina Hilo,747,21.0,29.7,47.74,0
Plotter,Vinilo Adhesivo,35,156.87,340.35,2264.01,0
Digital,Couché 150g,876,21.0,29.7,76.44,1
Serigrafia,Tela,493,40.0,50.0,283.17,0
Digital,Cartulina Hilo,193,21.0,29.7,28.27,1
Digital,Bond 80g,433,21.0,29.7,44.29,1
Plotter,Lona Banner,25,130.93,394.34,1586.39,0
Plotter,Lona Banner,14,95.7,480.33,787.2,0
Serigrafia,Tela,193,40.0,50.0,129.93,0
Serigrafia,Cartón,160,40.0,50.0,133.02,0
Digital,Cartulina Hilo,771,21.0,29.7,57.58,0
Offset,Folkote,10947,70.0,100.0,126.14,0
Digital,Bond 80g,322,21.0,29.7,66.14,1
Serigrafia,Plástico,240,40.0,50.0,157.99,0
Serigrafia,Tela,55,40.0,50.0,81.33,1
Plotter,Microperforado,24,74.38,434.0,955.7,0
Plotter,Microperforado,46,211.43,279.76,3293.52,0
Serigrafia,Plástico,164,40.0,50.0,123.08,0
Plotter,Lona Banner,11,265.35,111.79,419.8,0
Digital,Bond 80g,651,21.0,29.7,60.05,1
Offset,Folkote,41157,70.0,100.0,275.1,0
Offset,Folkote,5922,70.0,100.0,112.78,0
Offset,Folkote,16240,70.0,100.0,151.94,0
Offset,Couché 300g,27220,70.0,100.0,221.39,0
Plotter,Microperforado,4,206.24,337.26,372.6,0
Offset,Folkote,7380,70.0,100.0,112.63,0
Offset,Couché 300g,1463,70.0,100.0,80.81,0
Serigrafia,Tela,279,40.0,50.0,189.89,0
Plotter,Microperforado,33,97.3,374.17,1481.49,0
Serigrafia,Tela,236,40.0,50.0,154.4,0
Digital,Cartulina Hilo,438,21.0,29.7,69.85,1
Plotter,Lona Banner,48,257.39,369.22,5516.2,0
Offset,Couché 300g,30086,70.0,100.0,236.0,0
Offset,Folkote,49222,70.0,100.0,324.72,0
Plotter,Lona Banner,23,203.0,187.84,1088.5,0
Serigrafia,Cartón,384,40.0,50.0,234.96,0
Plotter,Vinilo Adhesivo,36,108.27,362.83,1721.22,0
Offset,Couché 300g,22181,70.0,100.0,184.5,0
Digital,Cartulina Hilo,537,21.0,29.7,54.93,1
Offset,Couché 300g,42311,70.0,100.0,285.67,0
Plotter,Vinilo Adhesivo,34,142.28,210.74,1254.67,0
Serigrafia,Plástico,426,40.0,50.0,254.3,0
Plotter,Lona Banner,7,269.98,277.48,655.63,0
Plotter,Vinilo Adhesivo,25,84.59,492.23,1277.37,0
Plotter,Microperforado,14,267.29,288.53,1324.58,0
Offset,Folkote,38203,70.0,100.0,280.01,0
Serigrafia,Plástico,340,40.0,50.0,211.18,0
Serigrafia,Tela,321,40.0,50.0,209.81,0
Serigrafia,Plástico,476,40.0,50.0,291.78,0
Digital,Couché 150g,322,21.0,29.7,43.12,1
Plotter,Microperforado,30,199.01,498.08,3603.89,0
Plotter,Microperforado,5,114.9,50.74,76.12,1
Serigrafia,Cartón,250,40.0,50.0,150.55,0
Digital,Cartulina Hilo,758,21.0,29.7,69.86,1
Plotter,Microperforado,22,235.57,125.52,839.45,0
